time,close,C,C,C,C,C,C,C,C,C,C,C,C,C,C,C,C,C,C,C,C,C,C,C,C,C,C,C,C,C,C,C,C,C,C,C,C,C,C,C,C,C,C,C,C,C,C,C,C,C,C,C,C,C,C,C,C,C,C,C,C,C,C,C,C,C,C,C,C,C,C,C,C,C,C,C,C,P,P,P,P,P,P,P,P,P,P,P,P,P,P,P,P,P,P,P,P,P,P,P,P,P,P,P,P,P,P,P,P,P,P,P,P,P,P,P,P,P,P,P,P,P,P,P,P,P,P,P,P,P,P,P,P,P,P,P,P,P,P,P,P,P,P,P,P,P,P,P,P,P,P,P,P,C,C,C,C,P,P,P,P,C,C,C,C,P,P,P,P,C,C,C,C,P,P,P,P,C,C,C,C,C,C,C,C,P,P,P,P,P,P,P,P,C,C,C,C,P,P,P,P,C,C,C,C,P,P,P,P,C,C,C,C,C,C,C,C,C,C,C,C,C,C,C,C,C,C,C,C,C,C,C,C,C,C,C,C,C,C,C,C,C,C,C,C,C,C,C,C,C,C,C,C,C,C,C,C,C,C,C,C,C,C,C,C,C,C,C,C,C,C,C,C,C,C,C,C,C,C,C,C,C,C,C,C,C,C,C,C,C,C,C,C,P,P,P,P,P,P,P,P,P,P,P,P,P,P,P,P,P,P,P,P,P,P,P,P,P,P,P,P,P,P,P,P,P,P,P,P,P,P,P,P,P,P,P,P,P,P,P,P,P,P,P,P,P,P,P,P,P,P,P,P,P,P,P,P,P,P,P,P,P,P,P,P,P,P,P,P,P,P,P,P,P,P,P,P
time,close,8.25,8.25,8.25,8.25,8.50,8.50,8.50,8.50,8.75,8.75,8.75,8.75,9.00,9.00,9.00,9.00,9.25,9.25,9.25,9.25,9.50,9.50,9.50,9.50,9.75,9.75,9.75,9.75,10.00,10.00,10.00,10.00,10.50,10.50,10.50,10.50,11.00,11.00,11.00,11.00,11.50,11.50,11.50,11.50,12.00,12.00,12.00,12.00,12.50,12.50,12.50,12.50,13.00,13.00,13.00,13.00,13.50,13.50,13.50,13.50,14.00,14.00,14.00,14.00,14.50,14.50,14.50,14.50,15.00,15.00,15.00,15.00,15.50,15.50,15.50,15.50,8.25,8.25,8.25,8.25,8.50,8.50,8.50,8.50,8.75,8.75,8.75,8.75,9.00,9.00,9.00,9.00,9.25,9.25,9.25,9.25,9.50,9.50,9.50,9.50,9.75,9.75,9.75,9.75,10.00,10.00,10.00,10.00,10.50,10.50,10.50,10.50,11.00,11.00,11.00,11.00,11.50,11.50,11.50,11.50,12.00,12.00,12.00,12.00,12.50,12.50,12.50,12.50,13.00,13.00,13.00,13.00,13.50,13.50,13.50,13.50,14.00,14.00,14.00,14.00,14.50,14.50,14.50,14.50,15.00,15.00,15.00,15.00,15.50,15.50,15.50,15.50,16.00,16.00,16.00,16.00,16.00,16.00,16.00,16.00,8.00,8.00,8.00,8.00,8.00,8.00,8.00,8.00,7.75,7.75,7.75,7.75,7.75,7.75,7.75,7.75,7.25,7.25,7.25,7.25,7.50,7.50,7.50,7.50,7.25,7.25,7.25,7.25,7.50,7.50,7.50,7.50,7.00,7.00,7.00,7.00,7.00,7.00,7.00,7.00,6.75,6.75,6.75,6.75,6.75,6.75,6.75,6.75,4.00,4.00,4.00,4.00,4.10,4.10,4.10,4.10,4.20,4.20,4.20,4.20,4.30,4.30,4.30,4.30,4.40,4.40,4.40,4.40,4.50,4.50,4.50,4.50,4.60,4.60,4.60,4.60,4.70,4.70,4.70,4.70,4.80,4.80,4.80,4.80,4.90,4.90,4.90,4.90,5.00,5.00,5.00,5.00,5.25,5.25,5.25,5.25,5.50,5.50,5.50,5.50,5.75,5.75,5.75,5.75,6.00,6.00,6.00,6.00,6.25,6.25,6.25,6.25,6.50,6.50,6.50,6.50,16.50,16.50,16.50,16.50,17.00,17.00,17.00,17.00,17.50,17.50,17.50,17.50,18.00,18.00,18.00,18.00,4.00,4.00,4.00,4.00,4.10,4.10,4.10,4.10,4.20,4.20,4.20,4.20,4.30,4.30,4.30,4.30,4.40,4.40,4.40,4.40,4.50,4.50,4.50,4.50,4.60,4.60,4.60,4.60,4.70,4.70,4.70,4.70,4.80,4.80,4.80,4.80,4.90,4.90,4.90,4.90,5.00,5.00,5.00,5.00,5.25,5.25,5.25,5.25,5.50,5.50,5.50,5.50,5.75,5.75,5.75,5.75,6.00,6.00,6.00,6.00,6.25,6.25,6.25,6.25,6.50,6.50,6.50,6.50,16.50,16.50,16.50,16.50,17.00,17.00,17.00,17.00,17.50,17.50,17.50,17.50,18.00,18.00,18.00,18.00
time,close,settle,volume,oi,imp_vol,settle,volume,oi,imp_vol,settle,volume,oi,imp_vol,settle,volume,oi,imp_vol,settle,volume,oi,imp_vol,settle,volume,oi,imp_vol,settle,volume,oi,imp_vol,settle,volume,oi,imp_vol,settle,volume,oi,imp_vol,settle,volume,oi,imp_vol,settle,volume,oi,imp_vol,settle,volume,oi,imp_vol,settle,volume,oi,imp_vol,settle,volume,oi,imp_vol,settle,volume,oi,imp_vol,settle,volume,oi,imp_vol,settle,volume,oi,imp_vol,settle,volume,oi,imp_vol,settle,volume,oi,imp_vol,settle,volume,oi,imp_vol,settle,volume,oi,imp_vol,settle,volume,oi,imp_vol,settle,volume,oi,imp_vol,settle,volume,oi,imp_vol,settle,volume,oi,imp_vol,settle,volume,oi,imp_vol,settle,volume,oi,imp_vol,settle,volume,oi,imp_vol,settle,volume,oi,imp_vol,settle,volume,oi,imp_vol,settle,volume,oi,imp_vol,settle,volume,oi,imp_vol,settle,volume,oi,imp_vol,settle,volume,oi,imp_vol,settle,volume,oi,imp_vol,settle,volume,oi,imp_vol,settle,volume,oi,imp_vol,settle,volume,oi,imp_vol,settle,volume,oi,imp_vol,settle,volume,oi,imp_vol,settle,volume,oi,imp_vol,settle,volume,oi,imp_vol,settle,volume,oi,imp_vol,settle,volume,oi,imp_vol,settle,volume,oi,imp_vol,settle,volume,oi,imp_vol,settle,volume,oi,imp_vol,settle,volume,oi,imp_vol,settle,volume,oi,imp_vol,settle,volume,oi,imp_vol,settle,volume,oi,imp_vol,settle,volume,oi,imp_vol,settle,volume,oi,imp_vol,settle,volume,oi,imp_vol,settle,volume,oi,imp_vol,settle,volume,oi,imp_vol,settle,volume,oi,imp_vol,settle,volume,oi,imp_vol,settle,volume,oi,imp_vol,settle,volume,oi,imp_vol,settle,volume,oi,imp_vol,settle,volume,oi,imp_vol,settle,volume,oi,imp_vol,settle,volume,oi,imp_vol,settle,volume,oi,imp_vol,settle,volume,oi,imp_vol,settle,volume,oi,imp_vol,settle,volume,oi,imp_vol,settle,volume,oi,imp_vol,settle,volume,oi,imp_vol,settle,volume,oi,imp_vol,settle,volume,oi,imp_vol,settle,volume,oi,imp_vol,settle,volume,oi,imp_vol,settle,volume,oi,imp_vol,settle,volume,oi,imp_vol,settle,volume,oi,imp_vol,settle,volume,oi,imp_vol,settle,volume,oi,imp_vol,settle,volume,oi,imp_vol,settle,volume,oi,imp_vol,settle,volume,oi,imp_vol,settle,volume,oi,imp_vol,settle,volume,oi,imp_vol,settle,volume,oi,imp_vol,settle,volume,oi,imp_vol,settle,volume,oi,imp_vol,settle,volume,oi,imp_vol,settle,volume,oi,imp_vol,settle,volume,oi,imp_vol,settle,volume,oi,imp_vol,settle,volume,oi,imp_vol,settle,volume,oi,imp_vol,settle,volume,oi,imp_vol
2023-07-31 16:00:00,11.26,3.24,0,0,0.43,3.03,0,0,0.44,2.85,0,0,0.46,2.61,0,0,0.43,2.4,0,0,0.41,2.21,0,0,0.41,2.03,0,0,0.41,1.85,0,0,0.41,1.54,1,1,0.41,1.28,0,0,0.41,1.04,200,200,0.41,0.84,200,200,0.41,0.68,15,15,0.41,0.54,15,15,0.41,0.42,0,0,0.41,0.33,0,0,0.41,0.25,31,31,0.41,0.19,32,32,0.41,0.15,0,0,0.41,0.09,0,0,0.41,0.12,0,0,0.41,0.16,0,0,0.41,0.2,0,0,0.41,0.25,1,1,0.41,0.31,0,0,0.41,0.37,0,0,0.41,0.44,1,1,0.4,0.62,0,0,0.4,0.84,15,15,0.4,1.11,216,216,0.4,1.42,200,200,0.41,1.77,0,0,0.41,2.15,0,0,0.42,2.55,0,0,0.43,2.97,0,0,0.43,3.42,0,0,0.45,3.87,0,0,0.45,4.35,0,0,0.48,,,,,,,,,,,,,,,,,,,,,,,,,,,,,,,,,,,,,,,,,,,,,,,,,,,,,,,,,,,,,,,,,,,,,,,,,,,,,,,,,,,,,,,,,,,,,,,,,,,,,,,,,,,,,,,,,,,,,,,,,,,,,,,,,,,,,,,,,,,,,,,,,,,,,,,,,,,,,,,,,,,,,,,,,,,,,,,,,,,,,,,,,,,,,,,,,,,,,,,,,,,,,,,,,,,,,,,,,,,,,,,,
2023-08-01 16:00:00,10.98,3.0,0,0,0.45,2.74,0,0,0.4,2.55,0,0,0.42,2.36,0,0,0.42,2.13,0,0,0.39,1.95,0,0,0.39,1.77,0,0,0.39,1.61,0,0,0.39,1.32,1,1,0.39,1.06,0,0,0.39,0.85,0,200,0.39,0.68,0,200,0.4,0.53,17,17,0.4,0.41,24,39,0.4,0.31,24,24,0.39,0.24,45,45,0.4,0.18,0,31,0.4,0.13,0,32,0.39,0.1,0,0,0.4,0.1,0,0,0.4,0.13,0,0,0.39,0.17,0,0,0.4,0.22,1,1,0.4,0.28,6,7,0.4,0.34,1,1,0.4,0.42,0,0,0.4,0.5,0,1,0.4,0.69,43,43,0.39,0.93,25,40,0.39,1.22,0,216,0.39,1.57,1,200,0.41,1.94,0,0,0.41,2.33,0,0,0.42,2.75,0,0,0.43,3.18,0,0,0.43,3.65,0,0,0.45,4.08,0,0,0.43,4.56,0,0,0.44,0.08,0.0,0.0,0.4,5.06,0.0,0.0,0.47,,,,,,,,,,,,,,,,,,,,,,,,,,,,,,,,,,,,,,,,,,,,,,,,,,,,,,,,,,,,,,,,,,,,,,,,,,,,,,,,,,,,,,,,,,,,,,,,,,,,,,,,,,,,,,,,,,,,,,,,,,,,,,,,,,,,,,,,,,,,,,,,,,,,,,,,,,,,,,,,,,,,,,,,,,,,,,,,,,,,,,,,,,,,,,,,,,,,,,,,,,,,,,,,,,,,,,,,
2023-08-02 16:00:00,10.82,2.84,0,0,0.43,2.62,0,0,0.42,2.43,0,0,0.43,2.18,0,0,0.39,2.01,0,0,0.4,1.83,0,0,0.4,1.66,0,0,0.4,1.49,0,0,0.39,1.21,0,1,0.39,0.95,0,0,0.38,0.77,0,200,0.39,0.6,17,215,0.39,0.47,0,17,0.4,0.35,0,39,0.39,0.27,15,24,0.39,0.2,0,45,0.39,0.15,0,31,0.39,0.11,0,32,0.39,0.08,0,0,0.39,0.1,0,0,0.39,0.14,0,0,0.39,0.18,0,0,0.39,0.23,0,1,0.39,0.3,0,7,0.4,0.36,1,2,0.39,0.45,0,0,0.4,0.53,0,1,0.39,0.74,8,51,0.39,1.0,0,40,0.39,1.31,0,216,0.4,1.65,0,200,0.4,2.03,0,0,0.41,2.43,0,0,0.41,2.86,0,0,0.42,3.3,0,0,0.42,3.76,0,0,0.43,4.23,0,0,0.44,4.68,0,0,,0.06,0.0,0.0,0.39,5.19,0.0,0.0,0.45,,,,,,,,,,,,,,,,,,,,,,,,,,,,,,,,,,,,,,,,,,,,,,,,,,,,,,,,,,,,,,,,,,,,,,,,,,,,,,,,,,,,,,,,,,,,,,,,,,,,,,,,,,,,,,,,,,,,,,,,,,,,,,,,,,,,,,,,,,,,,,,,,,,,,,,,,,,,,,,,,,,,,,,,,,,,,,,,,,,,,,,,,,,,,,,,,,,,,,,,,,,,,,,,,,,,,,,,
2023-08-03 16:00:00,10.76,2.76,0,0,0.41,2.57,0,0,0.43,2.36,0,0,0.42,2.19,0,0,0.43,1.94,0,0,0.39,1.76,0,0,0.39,1.59,0,0,0.38,1.44,0,0,0.39,1.15,0,1,0.38,0.92,0,0,0.39,0.73,1,201,0.39,0.57,2,217,0.39,0.45,0,17,0.4,0.34,0,39,0.4,0.26,0,24,0.4,0.19,0,45,0.39,0.14,0,31,0.39,0.11,0,32,0.4,0.08,0,0,0.4,0.11,1,1,0.39,0.15,0,0,0.4,0.19,0,0,0.39,0.24,2,3,0.39,0.31,0,7,0.4,0.38,0,2,0.39,0.46,0,0,0.39,0.55,0,1,0.39,0.76,0,51,0.39,1.03,7,47,0.39,1.34,0,216,0.4,1.69,0,200,0.4,2.07,0,0,0.41,2.48,0,0,0.42,2.91,0,0,0.42,3.33,0,0,0.41,3.81,0,0,0.43,4.27,0,0,0.42,4.75,0,0,0.42,0.06,0.0,0.0,0.4,5.25,0.0,0.0,0.45,,,,,,,,,,,,,,,,,,,,,,,,,,,,,,,,,,,,,,,,,,,,,,,,,,,,,,,,,,,,,,,,,,,,,,,,,,,,,,,,,,,,,,,,,,,,,,,,,,,,,,,,,,,,,,,,,,,,,,,,,,,,,,,,,,,,,,,,,,,,,,,,,,,,,,,,,,,,,,,,,,,,,,,,,,,,,,,,,,,,,,,,,,,,,,,,,,,,,,,,,,,,,,,,,,,,,,,,
2023-08-04 16:00:00,10.8,2.79,0,0,0.41,2.58,0,0,0.41,2.37,0,0,0.4,2.15,0,0,0.38,1.98,0,0,0.39,1.8,0,0,0.39,1.63,0,0,0.39,1.48,0,0,0.4,1.2,0,1,0.4,0.95,0,0,0.39,0.76,0,201,0.4,0.59,71,288,0.4,0.45,0,17,0.39,0.34,2,41,0.39,0.26,0,24,0.39,0.19,0,45,0.39,0.14,0,31,0.39,0.1,0,32,0.39,0.08,0,0,0.4,0.1,0,1,0.39,0.14,0,0,0.39,0.18,0,0,0.39,0.23,0,3,0.39,0.29,20,27,0.39,0.36,0,2,0.39,0.43,100,100,0.39,0.52,0,1,0.39,0.72,0,51,0.38,0.98,4,47,0.38,1.29,4,220,0.39,1.62,0,200,0.38,2.01,0,0,0.39,2.42,0,0,0.4,2.85,0,0,0.41,3.33,0,0,0.44,3.79,0,0,0.45,4.24,0,0,0.43,4.74,0,0,0.47,0.06,0.0,0.0,0.4,5.23,0.0,0.0,0.48,,,,,,,,,,,,,,,,,,,,,,,,,,,,,,,,,,,,,,,,,,,,,,,,,,,,,,,,,,,,,,,,,,,,,,,,,,,,,,,,,,,,,,,,,,,,,,,,,,,,,,,,,,,,,,,,,,,,,,,,,,,,,,,,,,,,,,,,,,,,,,,,,,,,,,,,,,,,,,,,,,,,,,,,,,,,,,,,,,,,,,,,,,,,,,,,,,,,,,,,,,,,,,,,,,,,,,,,
2023-08-07 16:00:00,10.7,2.69,0,0,0.41,2.48,0,0,0.4,2.24,0,0,0.37,2.06,0,0,0.39,1.9,0,0,0.4,1.72,0,0,0.4,1.55,0,0,0.39,1.39,0,0,0.39,1.11,0,1,0.39,0.87,0,0,0.39,0.69,1,201,0.39,0.53,2,286,0.39,0.4,0,17,0.39,0.3,3,44,0.39,0.22,0,24,0.39,0.16,0,45,0.39,0.12,0,31,0.39,0.09,0,32,0.39,0.06,0,0,0.39,0.11,0,1,0.39,0.14,0,0,0.39,0.19,0,0,0.39,0.24,15,18,0.39,0.3,0,27,0.39,0.37,0,2,0.39,0.44,0,100,0.38,0.54,0,1,0.38,0.76,0,51,0.38,1.02,0,47,0.38,1.34,0,220,0.39,1.69,0,200,0.39,2.08,0,0,0.4,2.49,0,0,0.4,2.95,0,0,0.42,3.4,0,0,0.43,3.88,0,0,0.45,4.35,0,0,0.46,4.83,0,0,0.47,0.05,0.0,0.0,0.4,5.32,0.0,0.0,0.48,,,,,,,,,,,,,,,,,,,,,,,,,,,,,,,,,,,,,,,,,,,,,,,,,,,,,,,,,,,,,,,,,,,,,,,,,,,,,,,,,,,,,,,,,,,,,,,,,,,,,,,,,,,,,,,,,,,,,,,,,,,,,,,,,,,,,,,,,,,,,,,,,,,,,,,,,,,,,,,,,,,,,,,,,,,,,,,,,,,,,,,,,,,,,,,,,,,,,,,,,,,,,,,,,,,,,,,,
2023-08-08 16:00:00,10.38,2.39,0,0,0.4,2.18,0,0,0.39,1.97,0,0,0.38,1.78,0,0,0.38,1.6,0,0,0.37,1.43,0,0,0.37,1.29,0,0,0.38,1.15,0,0,0.38,0.9,0,1,0.38,0.7,0,0,0.38,0.54,0,201,0.39,0.41,0,286,0.39,0.3,0,17,0.39,0.22,1,45,0.39,0.16,0,24,0.39,0.12,0,45,0.39,0.08,0,31,0.38,0.06,0,32,0.39,0.04,0,0,0.38,0.13,1,2,0.38,0.18,0,0,0.39,0.23,0,0,0.39,0.29,1,18,0.39,0.36,4,27,0.38,0.44,0,2,0.38,0.53,60,160,0.38,0.64,2,3,0.38,0.89,0,51,0.38,1.19,0,47,0.39,1.54,0,220,0.39,1.92,0,200,0.4,2.34,0,0,0.41,2.76,0,0,0.41,3.23,0,0,0.43,3.69,0,0,0.44,4.19,0,0,0.48,4.68,0,0,0.5,5.17,0,0,0.52,0.03,0.0,0.0,0.39,5.66,0.0,0.0,0.54,2.59,0.0,0.0,0.39,0.1,0.0,0.0,0.39,,,,,,,,,,,,,,,,,,,,,,,,,,,,,,,,,,,,,,,,,,,,,,,,,,,,,,,,,,,,,,,,,,,,,,,,,,,,,,,,,,,,,,,,,,,,,,,,,,,,,,,,,,,,,,,,,,,,,,,,,,,,,,,,,,,,,,,,,,,,,,,,,,,,,,,,,,,,,,,,,,,,,,,,,,,,,,,,,,,,,,,,,,,,,,,,,,,,,,,,,,,,,,,,
2023-08-10 16:00:00,10.26,2.29,0,0,0.41,2.05,0,0,0.37,1.88,0,0,0.39,1.7,0,0,0.39,1.52,0,0,0.38,1.36,0,0,0.38,1.21,0,0,0.38,1.07,0,0,0.38,0.83,0,1,0.38,0.64,0,0,0.38,0.48,9,221,0.38,0.36,0,286,0.39,0.26,0,17,0.38,0.19,0,45,0.38,0.13,0,24,0.38,0.1,0,45,0.39,0.07,0,31,0.39,0.05,0,32,0.39,0.03,0,0,0.38,0.14,0,2,0.38,0.18,0,15,0.38,0.24,15,19,0.38,0.3,0,20,0.38,0.38,0,27,0.38,0.46,0,2,0.38,0.55,0,160,0.37,0.66,0,17,0.37,0.92,0,51,0.37,1.23,0,47,0.38,1.6,0,220,0.39,1.99,0,200,0.39,2.41,0,0,0.4,2.85,0,0,0.41,3.31,0,0,0.42,3.78,0,0,0.43,4.27,0,0,0.45,4.76,0,0,0.47,5.25,0,0,0.48,0.02,0.0,0.0,0.38,5.75,0.0,0.0,0.51,2.5,0.0,0.0,0.41,0.1,0.0,4.0,0.38,,,,,,,,,,,,,,,,,,,,,,,,,,,,,,,,,,,,,,,,,,,,,,,,,,,,,,,,,,,,,,,,,,,,,,,,,,,,,,,,,,,,,,,,,,,,,,,,,,,,,,,,,,,,,,,,,,,,,,,,,,,,,,,,,,,,,,,,,,,,,,,,,,,,,,,,,,,,,,,,,,,,,,,,,,,,,,,,,,,,,,,,,,,,,,,,,,,,,,,,,,,,,,,,
2023-08-11 16:00:00,9.97,2.0,0,0,0.38,1.85,0,0,0.41,1.66,0,0,0.4,1.48,0,0,0.39,1.32,0,0,0.39,1.16,0,0,0.39,1.03,0,0,0.39,0.89,0,0,0.38,0.69,0,1,0.39,0.51,1,1,0.38,0.37,4,221,0.38,0.27,0,286,0.38,0.19,0,17,0.38,0.14,3,48,0.38,0.1,0,24,0.38,0.07,4,49,0.39,0.05,0,31,0.39,0.03,0,32,0.38,0.02,0,0,0.38,0.17,0,2,0.38,0.22,0,15,0.38,0.28,0,19,0.37,0.35,1,20,0.37,0.44,0,27,0.37,0.53,0,2,0.37,0.64,0,160,0.37,0.77,1,17,0.37,1.06,0,51,0.37,1.39,0,47,0.37,1.77,0,220,0.37,2.18,0,200,0.38,2.63,0,0,0.39,3.09,0,0,0.4,3.56,0,0,0.41,4.05,0,0,0.43,4.55,0,0,0.46,5.03,0,0,,5.53,0,0,,0.01,0.0,0.0,0.36,6.03,0.0,0.0,,2.24,0.0,0.0,0.41,0.13,0.0,4.0,0.38,,,,,,,,,,,,,,,,,,,,,,,,,,,,,,,,,,,,,,,,,,,,,,,,,,,,,,,,,,,,,,,,,,,,,,,,,,,,,,,,,,,,,,,,,,,,,,,,,,,,,,,,,,,,,,,,,,,,,,,,,,,,,,,,,,,,,,,,,,,,,,,,,,,,,,,,,,,,,,,,,,,,,,,,,,,,,,,,,,,,,,,,,,,,,,,,,,,,,,,,,,,,,,,,
2023-08-14 16:00:00,9.77,1.84,0,0,0.39,1.69,0,0,0.41,1.5,0,0,0.4,1.31,0,0,0.39,1.17,0,0,0.39,1.02,0,0,0.39,0.9,0,0,0.39,0.78,1,1,0.39,0.59,0,1,0.39,0.44,2,3,0.39,0.31,0,221,0.38,0.22,0,286,0.38,0.16,0,17,0.39,0.11,0,48,0.39,0.08,0,24,0.39,0.05,0,49,0.38,0.04,0,31,0.39,0.03,0,32,0.4,0.02,0,0,0.4,0.2,16,16,0.38,0.26,0,15,0.38,0.33,0,19,0.38,0.41,15,35,0.38,0.5,0,27,0.37,0.61,14,16,0.37,0.73,0,160,0.37,0.87,0,17,0.38,1.19,0,51,0.38,1.55,0,47,0.39,1.94,0,220,0.39,2.34,0,200,0.38,2.81,0,0,0.4,3.29,0,0,0.43,3.77,0,0,0.45,4.24,0,0,0.43,4.75,0,0,0.49,5.24,0,0,0.5,5.73,0,0,,0.01,0.0,0.0,0.38,6.23,0.0,0.0,,2.04,0.0,0.0,0.39,0.15,16.0,16.0,0.38,2.26,0.0,0.0,0.41,0.11,0.0,0.0,0.38,,,,,,,,,,,,,,,,,,,,,,,,,,,,,,,,,,,,,,,,,,,,,,,,,,,,,,,,,,,,,,,,,,,,,,,,,,,,,,,,,,,,,,,,,,,,,,,,,,,,,,,,,,,,,,,,,,,,,,,,,,,,,,,,,,,,,,,,,,,,,,,,,,,,,,,,,,,,,,,,,,,,,,,,,,,,,,,,,,,,,,,,,,,,,,,,,,,,,,,,
2023-08-17 16:00:00,9.71,1.79,0,0,0.4,1.62,0,0,0.41,1.42,0,0,0.39,1.25,0,0,0.38,1.11,0,0,0.39,0.97,0,0,0.39,0.85,30,30,0.39,0.73,0,1,0.38,0.55,10,10,0.39,0.41,0,3,0.39,0.29,0,221,0.39,0.21,0,286,0.39,0.14,2,19,0.38,0.1,0,48,0.39,0.07,0,24,0.39,0.05,0,49,0.39,0.03,0,31,0.39,0.02,0,32,0.39,0.01,0,0,0.37,0.21,0,16,0.39,0.27,0,30,0.39,0.34,0,34,0.38,0.42,0,35,0.38,0.52,30,57,0.38,0.64,0,35,0.38,0.76,1,161,0.38,0.9,0,18,0.38,1.2,0,51,0.38,1.57,0,47,0.38,1.97,0,220,0.39,2.39,2,202,0.39,2.88,0,0,0.43,3.37,0,0,0.46,3.8,0,0,0.41,4.3,0,0,0.44,4.8,0,0,0.48,5.29,0,0,,5.8,0,0,0.54,0.01,0.0,0.0,0.39,6.31,0.0,0.0,0.59,1.97,0.0,0.0,0.39,0.16,0.0,16.0,0.39,2.19,0.0,0.0,0.4,0.12,0.0,0.0,0.39,2.66,0.0,0.0,0.46,2.43,0.0,0.0,0.43,0.06,0.0,0.0,0.39,0.08,0.0,0.0,0.39,,,,,,,,,,,,,,,,,,,,,,,,,,,,,,,,,,,,,,,,,,,,,,,,,,,,,,,,,,,,,,,,,,,,,,,,,,,,,,,,,,,,,,,,,,,,,,,,,,,,,,,,,,,,,,,,,,,,,,,,,,,,,,,,,,,,,,,,,,,,,,,,,,,,,,,,,,,,,,,,,,,,,,,,,,,,,,,,,,,,,,,,
2023-08-21 16:00:00,9.24,1.41,0,0,0.4,1.25,0,0,0.4,1.1,0,0,0.4,0.96,0,0,0.4,0.83,0,0,0.4,0.71,0,0,0.4,0.61,15,45,0.4,0.53,0,1,0.4,0.38,0,25,0.4,0.28,0,3,0.41,0.2,2,219,0.41,0.14,2,286,0.41,0.09,0,19,0.4,0.06,0,48,0.4,0.04,0,24,0.4,0.03,0,49,0.41,0.02,0,31,0.41,0.01,0,32,0.39,0.01,0,0,0.42,0.33,0,31,0.41,0.41,0,30,0.41,0.5,21,50,0.4,0.61,16,71,0.4,0.73,0,66,0.4,0.87,0,33,0.4,1.02,0,162,0.4,1.18,0,18,0.4,1.55,0,51,0.41,1.95,0,47,0.41,2.39,0,220,0.43,2.85,0,202,0.45,3.32,0,0,0.46,3.79,0,0,0.47,4.27,0,0,0.46,4.79,0,0,0.54,5.29,0,0,0.58,5.79,0,0,0.61,6.27,0,0,0.6,0.01,0.0,0.0,0.44,6.79,0.0,0.0,0.67,1.59,0.0,0.0,0.41,0.25,38.0,84.0,0.4,1.77,0.0,0.0,0.4,0.19,34.0,34.0,0.41,2.17,0.0,0.0,0.39,1.99,0.0,0.0,0.42,0.1,0.0,0.0,0.4,0.14,0.0,0.0,0.41,,,,,,,,,,,,,,,,,,,,,,,,,,,,,,,,,,,,,,,,,,,,,,,,,,,,,,,,,,,,,,,,,,,,,,,,,,,,,,,,,,,,,,,,,,,,,,,,,,,,,,,,,,,,,,,,,,,,,,,,,,,,,,,,,,,,,,,,,,,,,,,,,,,,,,,,,,,,,,,,,,,,,,,,,,,,,,,,,,,,,,,,
2023-08-22 16:00:00,9.3,1.45,0,0,0.4,1.27,0,0,0.39,1.11,0,0,0.39,0.97,0,0,0.39,0.83,0,0,0.38,0.72,0,0,0.39,0.61,0,45,0.38,0.52,35,21,0.38,0.38,1,26,0.39,0.26,0,3,0.38,0.18,0,219,0.39,0.12,0,286,0.38,0.08,0,19,0.38,0.06,0,48,0.4,0.04,0,24,0.4,0.03,0,49,0.41,0.02,0,31,0.41,0.01,0,32,0.39,0.01,0,0,0.41,0.28,0,31,0.39,0.36,0,30,0.39,0.44,28,78,0.38,0.54,10,81,0.38,0.66,0,66,0.38,0.79,0,33,0.37,0.93,0,162,0.37,1.11,0,18,0.38,1.46,0,51,0.38,1.86,0,47,0.39,2.28,0,220,0.38,2.76,0,202,0.41,3.22,0,0,0.4,3.72,0,0,0.44,4.2,0,0,,4.7,0,0,,5.2,0,0,,5.7,0,0,,6.2,0,0,,0.01,0.0,0.0,0.44,6.7,0.0,0.0,,1.64,0.0,0.0,0.41,0.21,0.0,84.0,0.38,1.8,0.0,0.0,0.38,0.16,0.0,34.0,0.39,2.27,0.0,0.0,0.45,2.05,0.0,0.0,0.43,0.08,1.0,1.0,0.39,0.11,17.0,17.0,0.38,2.48,0.0,0.0,0.45,0.05,0.0,0.0,0.38,,,,,,,,,,,,,,,,,,,,,,,,,,,,,,,,,,,,,,,,,,,,,,,,,,,,,,,,,,,,,,,,,,,,,,,,,,,,,,,,,,,,,,,,,,,,,,,,,,,,,,,,,,,,,,,,,,,,,,,,,,,,,,,,,,,,,,,,,,,,,,,,,,,,,,,,,,,,,,,,,,,,,,,,,,,,,,,,
2023-08-23 16:00:00,9.2,1.36,0,0,0.39,1.19,0,0,0.39,1.04,0,0,0.39,0.9,0,0,0.39,0.77,0,0,0.38,0.66,0,0,0.38,0.56,0,45,0.38,0.47,0,21,0.38,0.33,0,26,0.38,0.23,0,3,0.38,0.15,0,219,0.38,0.1,0,286,0.38,0.07,0,19,0.39,0.04,0,48,0.38,0.03,0,24,0.39,0.02,0,49,0.39,0.01,0,31,0.38,0.01,0,32,0.4,0.01,0,0,0.42,0.28,16,47,0.37,0.36,20,30,0.37,0.45,8,70,0.37,0.56,0,81,0.37,0.68,1,66,0.37,0.81,0,33,0.36,0.97,0,162,0.36,1.14,0,18,0.37,1.51,0,51,0.37,1.92,0,47,0.37,2.38,0,220,0.39,2.84,0,202,0.4,3.32,0,0,0.42,3.8,0,0,,4.3,0,0,,4.8,0,0,,5.3,0,0,,5.8,0,0,,6.3,0,0,,0.01,0.0,0.0,0.45,6.8,0.0,0.0,,1.55,0.0,0.0,0.41,0.22,7.0,91.0,0.38,1.7,0.0,0.0,0.37,0.16,0.0,34.0,0.38,2.15,0.0,0.0,0.42,1.94,0.0,0.0,0.41,0.08,0.0,1.0,0.38,0.12,0.0,17.0,0.38,2.38,0.0,0.0,0.44,0.06,0.0,0.0,0.39,,,,,,,,,,,,,,,,,,,,,,,,,,,,,,,,,,,,,,,,,,,,,,,,,,,,,,,,,,,,,,,,,,,,,,,,,,,,,,,,,,,,,,,,,,,,,,,,,,,,,,,,,,,,,,,,,,,,,,,,,,,,,,,,,,,,,,,,,,,,,,,,,,,,,,,,,,,,,,,,,,,,,,,,,,,,,,,,
2023-08-24 16:00:00,9.45,1.53,0,0,0.38,1.34,0,0,0.37,1.18,0,0,0.37,1.02,0,0,0.37,0.88,0,0,0.37,0.76,0,0,0.37,0.65,0,45,0.37,0.55,10,31,0.37,0.39,0,26,0.37,0.27,0,3,0.37,0.18,2,221,0.37,0.12,0,286,0.37,0.08,0,19,0.37,0.05,6,54,0.37,0.03,0,24,0.36,0.02,0,49,0.37,0.01,0,31,0.36,0.01,0,32,0.38,0.01,0,0,0.41,0.22,0,47,0.37,0.28,0,30,0.36,0.36,1,69,0.36,0.45,0,81,0.36,0.56,15,81,0.36,0.68,107,127,0.36,0.82,1,162,0.36,0.98,0,18,0.36,1.33,0,51,0.37,1.72,0,47,0.37,2.15,0,220,0.38,2.59,0,202,0.37,3.06,0,0,0.37,3.55,0,0,,4.05,0,0,,4.55,0,0,,5.05,0,0,,5.55,0,0,,6.05,0,0,,0.01,0.0,0.0,0.43,6.56,0.0,0.0,0.61,1.7,0.0,0.0,0.36,0.16,0.0,91.0,0.37,1.96,0.0,0.0,0.42,0.12,0.0,34.0,0.38,2.35,0.0,0.0,0.38,2.16,0.0,0.0,0.42,0.06,0.0,1.0,0.38,0.08,0.0,17.0,0.37,2.62,0.0,0.0,0.46,0.04,0.0,0.0,0.38,,,,,,,,,,,,,,,,,,,,,,,,,,,,,,,,,,,,,,,,,,,,,,,,,,,,,,,,,,,,,,,,,,,,,,,,,,,,,,,,,,,,,,,,,,,,,,,,,,,,,,,,,,,,,,,,,,,,,,,,,,,,,,,,,,,,,,,,,,,,,,,,,,,,,,,,,,,,,,,,,,,,,,,,,,,,,,,,
2023-08-25 16:00:00,9.51,1.57,0,0,0.38,1.38,0,0,0.37,1.2,0,0,0.36,1.05,0,0,0.37,0.9,0,0,0.36,0.78,0,0,0.37,0.66,0,45,0.36,0.56,0,31,0.36,0.4,0,26,0.37,0.28,0,3,0.37,0.19,108,328,0.37,0.12,0,286,0.36,0.08,0,19,0.37,0.05,0,54,0.36,0.04,0,24,0.38,0.02,0,49,0.37,0.01,0,31,0.36,0.01,0,32,0.38,0.01,0,0,0.4,0.2,0,47,0.37,0.26,0,30,0.36,0.34,0,69,0.36,0.43,16,89,0.36,0.54,0,81,0.36,0.66,30,157,0.36,0.79,0,162,0.36,0.94,0,18,0.36,1.28,0,51,0.36,1.67,0,47,0.37,2.1,0,220,0.38,2.55,0,202,0.39,3.03,0,0,0.41,3.51,0,0,0.42,4.01,0,0,0.46,4.51,0,0,0.5,5.01,0,0,0.53,5.51,0,0,0.57,6.0,0,0,0.58,0.01,0.0,0.0,0.43,6.5,0.0,0.0,0.61,1.75,0.0,0.0,0.36,0.15,0.0,91.0,0.37,1.98,0.0,0.0,0.39,0.11,0.0,34.0,0.37,2.45,0.0,0.0,0.45,2.19,0.0,0.0,0.39,0.05,0.0,1.0,0.37,0.07,0.0,17.0,0.36,2.65,0.0,0.0,0.42,0.03,0.0,0.0,0.37,,,,,,,,,,,,,,,,,,,,,,,,,,,,,,,,,,,,,,,,,,,,,,,,,,,,,,,,,,,,,,,,,,,,,,,,,,,,,,,,,,,,,,,,,,,,,,,,,,,,,,,,,,,,,,,,,,,,,,,,,,,,,,,,,,,,,,,,,,,,,,,,,,,,,,,,,,,,,,,,,,,,,,,,,,,,,,,,
2023-08-28 16:00:00,9.55,1.6,0,0,0.38,1.41,0,0,0.38,1.23,0,0,0.37,1.07,0,0,0.37,0.92,0,0,0.37,0.8,0,0,0.37,0.67,15,45,0.36,0.57,0,31,0.37,0.4,17,36,0.37,0.27,0,3,0.36,0.18,6,328,0.36,0.12,2,288,0.36,0.08,0,19,0.37,0.05,0,54,0.37,0.03,0,24,0.36,0.02,0,49,0.37,0.01,0,31,0.36,0.01,0,32,0.38,0.01,0,0,0.41,0.18,3,47,0.36,0.24,0,30,0.36,0.32,199,268,0.36,0.4,0,89,0.36,0.5,20,74,0.36,0.62,0,157,0.36,0.74,0,162,0.35,0.89,0,18,0.35,1.24,0,51,0.36,1.63,0,47,0.37,2.06,0,220,0.38,2.5,0,202,0.38,2.98,0,0,0.4,3.46,0,0,0.4,3.96,0,0,0.44,4.45,0,0,,4.95,0,0,,5.45,0,0,,5.95,0,0,,0.01,0.0,0.0,0.43,6.45,0.0,0.0,,1.77,0.0,0.0,0.36,0.13,0.0,91.0,0.36,2.04,0.0,0.0,0.42,0.09,0.0,34.0,0.36,2.47,0.0,0.0,0.44,2.24,0.0,0.0,0.42,0.04,0.0,1.0,0.36,0.06,0.0,17.0,0.36,2.69,0.0,0.0,0.43,0.03,0.0,0.0,0.38,,,,,,,,,,,,,,,,,,,,,,,,,,,,,,,,,,,,,,,,,,,,,,,,,,,,,,,,,,,,,,,,,,,,,,,,,,,,,,,,,,,,,,,,,,,,,,,,,,,,,,,,,,,,,,,,,,,,,,,,,,,,,,,,,,,,,,,,,,,,,,,,,,,,,,,,,,,,,,,,,,,,,,,,,,,,,,,,
2023-08-29 16:00:00,9.82,1.8,0,0,0.36,1.61,0,0,0.37,1.42,0,0,0.36,1.25,0,0,0.36,1.09,0,0,0.36,0.93,0,0,0.36,0.8,0,45,0.36,0.69,0,31,0.36,0.5,1,37,0.36,0.36,0,3,0.37,0.25,15,340,0.37,0.17,0,288,0.37,0.11,0,19,0.37,0.07,0,54,0.37,0.05,0,24,0.38,0.03,0,49,0.37,0.02,0,31,0.37,0.01,0,32,0.36,0.01,0,0,0.39,0.14,0,47,0.37,0.2,0,30,0.37,0.26,2,270,0.37,0.33,398,450,0.36,0.42,5,79,0.36,0.52,5,162,0.36,0.65,0,162,0.37,0.78,0,18,0.37,1.09,0,51,0.37,1.44,0,47,0.37,1.85,0,220,0.38,2.26,0,202,0.37,2.73,0,0,0.39,3.21,0,0,0.41,3.71,0,0,0.45,4.21,0,0,0.49,4.71,0,0,0.53,5.21,0,0,0.56,5.71,0,0,0.6,0.01,0.0,0.0,0.41,6.21,0.0,0.0,0.63,2.06,0.0,0.0,0.42,0.1,2.0,91.0,0.37,2.25,0.0,0.0,0.39,0.07,0.0,34.0,0.37,2.68,0.0,0.0,0.36,2.47,0.0,0.0,0.4,0.03,0.0,1.0,0.37,0.05,0.0,17.0,0.37,2.98,0.0,0.0,0.5,0.02,0.0,0.0,0.37,,,,,,,,,,,,,,,,,,,,,,,,,,,,,,,,,,,,,,,,,,,,,,,,,,,,,,,,,,,,,,,,,,,,,,,,,,,,,,,,,,,,,,,,,,,,,,,,,,,,,,,,,,,,,,,,,,,,,,,,,,,,,,,,,,,,,,,,,,,,,,,,,,,,,,,,,,,,,,,,,,,,,,,,,,,,,,,,
2023-08-30 16:00:00,9.83,1.79,0,0,0.35,1.63,0,0,0.38,1.4,0,0,0.35,1.25,0,0,0.36,1.08,0,0,0.36,0.92,0,0,0.35,0.78,0,45,0.35,0.67,57,87,0.35,0.48,83,104,0.35,0.33,0,3,0.35,0.22,0,340,0.35,0.14,3,291,0.35,0.09,17,36,0.35,0.06,12,54,0.35,0.04,0,24,0.36,0.02,0,49,0.35,0.01,0,31,0.34,0.01,0,32,0.36,0.01,0,0,0.39,0.12,0,47,0.35,0.17,0,30,0.35,0.23,78,336,0.35,0.3,33,468,0.35,0.39,38,92,0.35,0.49,128,290,0.35,0.61,61,223,0.35,0.72,34,39,0.34,1.05,0,51,0.36,1.39,0,47,0.35,1.82,0,220,0.37,2.28,0,202,0.4,2.74,0,0,0.41,3.23,0,0,0.45,3.7,0,0,0.45,4.21,0,0,0.51,4.71,0,0,0.54,5.19,0,0,0.54,5.69,0,0,0.58,0.01,0.0,0.0,0.41,6.19,0.0,0.0,0.61,2.0,0.0,0.0,0.34,0.08,0.0,91.0,0.35,2.25,0.0,0.0,0.39,0.06,0.0,34.0,0.36,2.71,0.0,0.0,0.41,2.46,0.0,0.0,0.37,0.03,0.0,1.0,0.37,0.04,0.0,17.0,0.36,2.95,0.0,0.0,0.43,0.02,0.0,0.0,0.38,,,,,,,,,,,,,,,,,,,,,,,,,,,,,,,,,,,,,,,,,,,,,,,,,,,,,,,,,,,,,,,,,,,,,,,,,,,,,,,,,,,,,,,,,,,,,,,,,,,,,,,,,,,,,,,,,,,,,,,,,,,,,,,,,,,,,,,,,,,,,,,,,,,,,,,,,,,,,,,,,,,,,,,,,,,,,,,,
2023-09-04 16:00:00,10.08,2.0,0,0,0.35,1.79,0,0,0.35,1.58,0,0,0.34,1.39,0,0,0.34,1.21,0,0,0.34,1.05,0,0,0.34,0.91,0,45,0.35,0.77,0,87,0.34,0.55,21,126,0.35,0.39,1,3,0.35,0.27,90,412,0.35,0.17,0,291,0.35,0.11,4,40,0.35,0.07,3,57,0.35,0.05,0,24,0.36,0.03,0,49,0.36,0.02,0,31,0.36,0.01,0,32,0.35,0.01,0,0,0.38,0.09,0,47,0.36,0.12,0,40,0.35,0.17,0,336,0.35,0.23,0,463,0.35,0.31,46,102,0.36,0.39,16,306,0.35,0.49,36,259,0.35,0.61,0,39,0.35,0.89,0,51,0.35,1.22,0,47,0.35,1.62,0,220,0.37,2.04,0,202,0.38,2.5,0,0,0.4,3.0,0,0,0.45,3.45,0,0,0.43,3.94,0,0,0.45,4.44,0,0,0.49,4.94,0,0,0.53,5.44,0,0,0.56,0.01,0.0,0.0,0.4,5.94,0.0,0.0,0.59,2.2,0.0,0.0,0.31,0.06,0.0,91.0,0.36,2.45,0.0,0.0,0.35,0.04,0.0,39.0,0.36,2.93,0.0,0.0,0.38,2.69,0.0,0.0,0.37,0.01,0.0,1.0,0.34,0.03,0.0,17.0,0.37,3.15,0.0,0.0,,0.01,0.0,10.0,0.37,,,,,,,,,,,,,,,,,,,,,,,,,,,,,,,,,,,,,,,,,,,,,,,,,,,,,,,,,,,,,,,,,,,,,,,,,,,,,,,,,,,,,,,,,,,,,,,,,,,,,,,,,,,,,,,,,,,,,,,,,,,,,,,,,,,,,,,,,,,,,,,,,,,,,,,,,,,,,,,,,,,,,,,,,,,,,,,,
2023-09-05 16:00:00,9.85,1.79,0,0,0.35,1.59,0,0,0.35,1.41,0,0,0.36,1.23,0,0,0.36,1.06,0,0,0.35,0.91,0,0,0.35,0.77,0,45,0.35,0.65,0,87,0.35,0.46,20,106,0.35,0.31,22,25,0.35,0.2,16,407,0.35,0.13,2,293,0.35,0.08,0,40,0.35,0.05,0,57,0.35,0.03,0,24,0.35,0.02,0,49,0.36,0.01,0,31,0.35,0.01,0,32,0.38,0.01,0,0,0.4,0.11,0,47,0.35,0.15,0,40,0.35,0.21,4,340,0.35,0.28,0,463,0.35,0.36,29,117,0.35,0.46,19,300,0.35,0.57,5,259,0.35,0.7,0,39,0.35,1.01,0,51,0.35,1.37,0,47,0.35,1.77,0,220,0.35,2.24,0,202,0.39,2.69,0,0,0.39,3.18,0,0,0.42,3.67,0,0,0.44,4.17,0,0,0.48,4.67,0,0,0.52,5.17,0,0,0.55,5.67,0,0,0.59,0.01,0.0,0.0,0.43,6.17,0.0,0.0,0.62,2.0,0.0,0.0,0.34,0.08,3.0,91.0,0.36,2.24,0.0,0.0,0.37,0.05,0.0,39.0,0.35,2.7,0.0,0.0,0.37,2.47,0.0,0.0,0.37,0.02,0.0,1.0,0.36,0.03,0.0,17.0,0.35,2.94,0.0,0.0,0.38,0.01,0.0,10.0,0.35,,,,,,,,,,,,,,,,,,,,,,,,,,,,,,,,,,,,,,,,,,,,,,,,,,,,,,,,,,,,,,,,,,,,,,,,,,,,,,,,,,,,,,,,,,,,,,,,,,,,,,,,,,,,,,,,,,,,,,,,,,,,,,,,,,,,,,,,,,,,,,,,,,,,,,,,,,,,,,,,,,,,,,,,,,,,,,,,
2023-09-06 16:00:00,9.82,1.76,0,0,0.35,1.56,0,0,0.35,1.37,0,0,0.35,1.19,0,0,0.35,1.0,0,0,0.33,0.88,0,0,0.35,0.74,0,45,0.34,0.63,0,87,0.35,0.44,0,106,0.35,0.3,0,25,0.35,0.19,62,450,0.35,0.12,0,293,0.35,0.08,0,40,0.36,0.05,0,57,0.36,0.03,0,24,0.36,0.02,0,49,0.36,0.01,0,31,0.35,0.01,0,32,0.38,0.01,0,0,0.41,0.11,0,47,0.35,0.16,5,45,0.36,0.21,15,340,0.35,0.28,60,477,0.35,0.36,53,102,0.34,0.47,10,308,0.35,0.58,0,259,0.35,0.71,0,39,0.35,1.02,0,51,0.35,1.39,0,47,0.35,1.84,0,220,0.39,2.26,0,202,0.38,2.73,0,0,0.4,3.22,0,0,0.44,3.71,0,0,0.47,4.22,0,0,0.52,4.72,0,0,0.56,5.22,0,0,0.6,5.72,0,0,0.63,0.01,0.0,0.0,0.43,6.22,0.0,0.0,0.67,1.97,0.0,0.0,0.34,0.08,0.0,91.0,0.36,2.19,0.0,0.0,0.33,0.05,0.0,39.0,0.35,2.67,0.0,0.0,0.37,2.43,0.0,0.0,0.35,0.02,0.0,1.0,0.36,0.03,0.0,17.0,0.35,2.9,0.0,0.0,0.33,0.01,0.0,10.0,0.35,,,,,,,,,,,,,,,,,,,,,,,,,,,,,,,,,,,,,,,,,,,,,,,,,,,,,,,,,,,,,,,,,,,,,,,,,,,,,,,,,,,,,,,,,,,,,,,,,,,,,,,,,,,,,,,,,,,,,,,,,,,,,,,,,,,,,,,,,,,,,,,,,,,,,,,,,,,,,,,,,,,,,,,,,,,,,,,,
2023-09-07 16:00:00,9.66,1.62,0,0,0.35,1.43,0,0,0.35,1.22,0,0,0.33,1.08,0,0,0.35,0.89,0,0,0.33,0.75,0,0,0.33,0.65,0,45,0.35,0.54,0,87,0.35,0.37,0,106,0.35,0.24,0,25,0.35,0.15,1,450,0.34,0.1,0,293,0.35,0.06,0,40,0.35,0.04,0,57,0.36,0.02,0,24,0.35,0.01,0,49,0.34,0.01,0,31,0.37,0.01,0,32,0.4,0.01,0,0,0.42,0.13,0,47,0.35,0.18,10,45,0.35,0.24,4,342,0.35,0.31,6,483,0.34,0.41,3,105,0.34,0.51,0,308,0.34,0.64,9,259,0.34,0.77,15,51,0.34,1.11,0,51,0.34,1.52,0,47,0.36,1.95,0,220,0.38,2.42,0,202,0.41,2.86,0,0,0.38,3.36,0,0,0.43,3.86,0,0,0.47,4.35,0,0,0.48,4.85,0,0,0.52,5.35,0,0,0.55,5.85,0,0,0.59,0.01,0.0,0.0,0.45,6.35,0.0,0.0,0.62,1.82,0.0,0.0,0.34,0.09,0.0,91.0,0.35,2.04,0.0,0.0,0.34,0.06,0.0,39.0,0.35,2.51,0.0,0.0,0.36,2.28,0.0,0.0,0.36,0.03,0.0,1.0,0.37,0.04,0.0,17.0,0.36,2.75,0.0,0.0,0.37,0.02,0.0,10.0,0.38,,,,,,,,,,,,,,,,,,,,,,,,,,,,,,,,,,,,,,,,,,,,,,,,,,,,,,,,,,,,,,,,,,,,,,,,,,,,,,,,,,,,,,,,,,,,,,,,,,,,,,,,,,,,,,,,,,,,,,,,,,,,,,,,,,,,,,,,,,,,,,,,,,,,,,,,,,,,,,,,,,,,,,,,,,,,,,,,
2023-09-11 16:00:00,9.79,1.72,0,0,0.35,1.52,0,0,0.35,1.32,0,0,0.34,1.17,0,0,0.36,0.99,8,8,0.35,0.81,0,0,0.33,0.72,32,77,0.36,0.59,38,102,0.35,0.4,31,115,0.35,0.27,34,54,0.35,0.17,0,450,0.35,0.11,4,297,0.35,0.07,0,40,0.36,0.04,0,57,0.35,0.03,0,24,0.37,0.02,0,49,0.38,0.01,0,31,0.37,0.01,0,32,0.4,0.01,0,0,0.42,0.11,0,47,0.36,0.15,0,45,0.35,0.2,15,342,0.35,0.27,0,483,0.35,0.35,45,120,0.34,0.46,30,338,0.35,0.57,165,394,0.34,0.71,0,51,0.35,1.03,14,53,0.35,1.4,3,48,0.35,1.81,0,220,0.36,2.26,0,202,0.37,2.74,0,0,0.39,3.21,0,0,,3.72,0,0,0.44,4.22,0,0,0.48,4.72,0,0,0.51,5.22,0,0,0.55,5.72,0,0,0.58,0.01,0.0,0.0,0.45,6.22,0.0,0.0,0.62,1.96,0.0,0.0,0.38,0.07,0.0,91.0,0.35,2.21,0.0,0.0,0.43,0.05,0.0,39.0,0.36,2.64,0.0,0.0,0.39,2.42,0.0,0.0,0.41,0.02,0.0,1.0,0.36,0.03,0.0,17.0,0.36,2.89,0.0,0.0,0.43,0.01,0.0,10.0,0.36,,,,,,,,,,,,,,,,,,,,,,,,,,,,,,,,,,,,,,,,,,,,,,,,,,,,,,,,,,,,,,,,,,,,,,,,,,,,,,,,,,,,,,,,,,,,,,,,,,,,,,,,,,,,,,,,,,,,,,,,,,,,,,,,,,,,,,,,,,,,,,,,,,,,,,,,,,,,,,,,,,,,,,,,,,,,,,,,
2023-09-12 16:00:00,9.85,1.76,0,0,0.33,1.55,0,0,0.33,1.36,0,0,0.34,1.17,0,0,0.33,1.0,0,8,0.33,0.85,0,0,0.34,0.71,0,77,0.33,0.59,200,302,0.33,0.41,1,116,0.34,0.27,0,54,0.34,0.17,2,448,0.34,0.1,0,297,0.34,0.06,0,40,0.34,0.04,0,57,0.35,0.02,0,24,0.34,0.01,0,49,0.34,0.01,0,31,0.37,0.01,0,32,0.39,0.01,0,0,0.42,0.09,0,47,0.34,0.13,0,45,0.34,0.18,0,342,0.34,0.25,0,483,0.34,0.33,0,120,0.34,0.43,11,349,0.35,0.54,200,594,0.34,0.67,0,51,0.34,0.98,3,53,0.35,1.35,0,48,0.35,1.77,0,220,0.36,2.22,0,202,0.38,2.69,0,0,0.4,3.17,0,0,0.41,3.66,0,0,0.43,4.16,0,0,0.47,4.66,0,0,0.51,5.16,0,0,0.54,5.66,0,0,0.58,0.01,0.0,0.0,0.45,6.16,0.0,0.0,0.61,1.98,0.0,0.0,0.33,0.06,0.0,91.0,0.35,2.22,0.0,0.0,0.36,0.04,0.0,39.0,0.35,2.7,0.0,0.0,0.4,2.45,0.0,0.0,0.36,0.01,0.0,1.0,0.33,0.03,0.0,17.0,0.37,2.94,0.0,0.0,0.41,0.01,0.0,10.0,0.36,,,,,,,,,,,,,,,,,,,,,,,,,,,,,,,,,,,,,,,,,,,,,,,,,,,,,,,,,,,,,,,,,,,,,,,,,,,,,,,,,,,,,,,,,,,,,,,,,,,,,,,,,,,,,,,,,,,,,,,,,,,,,,,,,,,,,,,,,,,,,,,,,,,,,,,,,,,,,,,,,,,,,,,,,,,,,,,,
2023-09-13 16:00:00,9.7,1.62,0,0,0.33,1.44,0,0,0.35,1.21,0,0,0.32,1.03,0,0,0.32,0.89,0,8,0.33,0.74,0,0,0.33,0.61,68,130,0.33,0.5,132,246,0.33,0.34,0,116,0.34,0.22,0,54,0.34,0.13,0,448,0.34,0.08,0,297,0.34,0.05,0,40,0.35,0.03,0,57,0.35,0.02,0,24,0.36,0.01,0,49,0.35,0.01,0,31,0.38,0.01,0,32,0.41,0.01,0,0,0.44,0.1,0,47,0.34,0.15,0,45,0.34,0.2,0,342,0.34,0.28,6,489,0.34,0.37,0,120,0.34,0.47,11,360,0.34,0.6,0,594,0.34,0.74,0,51,0.34,1.08,0,53,0.35,1.48,0,48,0.37,1.86,0,220,0.34,2.37,0,202,0.4,2.86,0,0,0.45,3.36,0,0,0.49,3.86,0,0,0.54,4.36,0,0,0.58,4.86,0,0,0.63,5.36,0,0,0.66,5.86,0,0,0.7,0.01,0.0,0.0,0.46,6.36,0.0,0.0,0.74,1.84,0.0,0.0,0.34,0.07,0.0,91.0,0.35,2.09,0.0,0.0,0.38,0.04,0.0,39.0,0.34,2.54,0.0,0.0,0.36,2.32,0.0,0.0,0.39,0.02,0.0,1.0,0.36,0.03,0.0,17.0,0.35,2.78,0.0,0.0,0.37,0.01,0.0,10.0,0.35,,,,,,,,,,,,,,,,,,,,,,,,,,,,,,,,,,,,,,,,,,,,,,,,,,,,,,,,,,,,,,,,,,,,,,,,,,,,,,,,,,,,,,,,,,,,,,,,,,,,,,,,,,,,,,,,,,,,,,,,,,,,,,,,,,,,,,,,,,,,,,,,,,,,,,,,,,,,,,,,,,,,,,,,,,,,,,,,
2023-09-14 16:00:00,9.65,1.58,0,0,0.34,1.35,0,0,0.31,1.17,0,0,0.32,1.0,0,0,0.33,0.86,0,8,0.34,0.72,0,0,0.34,0.59,0,130,0.33,0.49,0,246,0.34,0.32,2,116,0.34,0.2,20,74,0.34,0.12,0,448,0.34,0.07,0,297,0.34,0.04,0,40,0.34,0.03,0,57,0.36,0.02,0,24,0.37,0.01,0,49,0.36,0.01,0,31,0.39,0.01,0,32,0.42,0.01,0,0,0.44,0.1,0,47,0.34,0.15,0,45,0.34,0.21,0,342,0.34,0.29,0,489,0.34,0.38,11,120,0.34,0.48,1,361,0.33,0.61,0,594,0.33,0.76,0,51,0.34,1.12,0,53,0.36,1.51,0,48,0.37,1.91,4,224,0.34,2.38,0,202,0.36,2.86,0,0,0.37,3.35,0,0,,3.85,0,0,,4.35,0,0,,4.85,0,0,,5.35,0,0,,5.85,0,0,,0.01,0.0,0.0,0.47,6.35,0.0,0.0,,1.79,0.0,0.0,0.33,0.07,0.0,91.0,0.34,2.06,0.0,0.0,0.41,0.05,0.0,39.0,0.35,2.53,0.0,0.0,0.45,2.28,0.0,0.0,0.41,0.02,0.0,1.0,0.36,0.03,0.0,17.0,0.35,2.76,0.0,0.0,0.46,0.01,0.0,10.0,0.35,,,,,,,,,,,,,,,,,,,,,,,,,,,,,,,,,,,,,,,,,,,,,,,,,,,,,,,,,,,,,,,,,,,,,,,,,,,,,,,,,,,,,,,,,,,,,,,,,,,,,,,,,,,,,,,,,,,,,,,,,,,,,,,,,,,,,,,,,,,,,,,,,,,,,,,,,,,,,,,,,,,,,,,,,,,,,,,,
2023-09-18 16:00:00,9.74,1.65,0,0,0.34,1.44,0,0,0.34,1.27,0,0,0.36,1.08,0,0,0.35,0.92,0,8,0.35,0.76,0,0,0.34,0.63,0,130,0.34,0.52,0,246,0.34,0.34,48,134,0.34,0.21,16,58,0.34,0.13,0,450,0.34,0.08,6,303,0.35,0.04,0,40,0.34,0.03,0,57,0.36,0.02,0,24,0.37,0.01,0,49,0.36,0.01,0,31,0.39,0.01,0,32,0.42,0.01,0,0,0.45,0.09,1,47,0.34,0.13,0,70,0.34,0.19,0,346,0.34,0.26,2,495,0.34,0.34,22,122,0.34,0.44,0,371,0.34,0.55,41,635,0.33,0.7,0,51,0.34,1.03,0,53,0.35,1.4,0,48,0.34,1.82,0,224,0.34,2.31,0,202,0.39,2.76,0,0,,3.28,0,0,0.44,3.76,0,0,,4.26,0,0,,4.76,0,0,,5.26,0,0,,5.76,0,0,,0.01,0.0,0.0,0.47,6.26,0.0,0.0,,1.87,0.0,0.0,0.34,0.06,0.0,91.0,0.35,2.12,0.0,0.0,0.39,0.04,0.0,39.0,0.35,2.58,0.0,0.0,0.39,2.35,0.0,0.0,0.4,0.01,0.0,1.0,0.33,0.02,9.0,17.0,0.34,2.83,0.0,0.0,0.44,0.01,0.0,10.0,0.37,,,,,,,,,,,,,,,,,,,,,,,,,,,,,,,,,,,,,,,,,,,,,,,,,,,,,,,,,,,,,,,,,,,,,,,,,,,,,,,,,,,,,,,,,,,,,,,,,,,,,,,,,,,,,,,,,,,,,,,,,,,,,,,,,,,,,,,,,,,,,,,,,,,,,,,,,,,,,,,,,,,,,,,,,,,,,,,,
2023-09-20 16:00:00,9.48,1.41,0,0,0.33,1.25,0,0,0.36,1.06,0,0,0.35,0.89,0,0,0.35,0.73,0,8,0.34,0.6,0,0,0.34,0.48,0,130,0.33,0.39,0,246,0.34,0.24,15,134,0.34,0.14,2,58,0.33,0.08,0,450,0.33,0.05,0,303,0.35,0.03,0,40,0.35,0.02,0,57,0.36,0.01,0,24,0.36,0.01,0,49,0.39,0.01,0,31,0.42,0.01,0,32,0.45,0.01,0,0,0.48,0.11,0,47,0.33,0.16,0,70,0.33,0.22,1,348,0.33,0.3,1,496,0.32,0.4,32,142,0.32,0.51,1,397,0.32,0.64,2,635,0.31,0.8,0,51,0.32,1.17,0,53,0.32,1.58,0,48,0.32,2.05,0,224,0.34,2.52,0,202,,3.02,0,0,,3.52,0,0,,4.02,0,0,,4.52,0,0,,5.02,0,0,,5.52,0,0,,6.02,0,0,,0.01,0.0,0.0,0.51,6.52,0.0,0.0,,1.62,0.0,0.0,0.33,0.07,0.0,91.0,0.33,1.84,0.0,0.0,0.33,0.05,0.0,39.0,0.34,2.35,0.0,0.0,0.44,2.11,0.0,0.0,0.41,0.02,0.0,1.0,0.35,0.03,0.0,17.0,0.34,2.59,0.0,0.0,0.47,0.01,0.0,10.0,0.35,,,,,,,,,,,,,,,,,,,,,,,,,,,,,,,,,,,,,,,,,,,,,,,,,,,,,,,,,,,,,,,,,,,,,,,,,,,,,,,,,,,,,,,,,,,,,,,,,,,,,,,,,,,,,,,,,,,,,,,,,,,,,,,,,,,,,,,,,,,,,,,,,,,,,,,,,,,,,,,,,,,,,,,,,,,,,,,,
2023-09-22 16:00:00,9.52,1.44,0,0,0.33,1.27,0,0,0.36,1.08,0,0,0.35,0.89,0,0,0.34,0.71,0,8,0.32,0.6,6,6,0.33,0.48,104,181,0.33,0.39,13,250,0.33,0.25,2,135,0.34,0.15,5,59,0.34,0.08,0,450,0.33,0.05,15,316,0.35,0.03,0,40,0.35,0.02,0,57,0.37,0.01,0,24,0.36,0.01,0,49,0.39,0.01,0,31,0.43,0.01,0,32,0.45,0.01,0,0,0.48,0.1,0,47,0.33,0.15,13,84,0.33,0.21,28,378,0.33,0.3,31,526,0.34,0.39,29,149,0.33,0.51,0,397,0.33,0.65,0,635,0.34,0.81,0,51,0.34,1.17,0,53,0.35,1.55,0,48,0.33,2.03,0,224,0.37,2.53,0,202,0.43,3.03,0,0,0.48,3.53,0,0,0.53,4.03,0,0,0.58,4.53,0,0,0.62,5.03,0,0,0.66,5.53,0,0,0.7,6.03,0,0,0.74,0.01,0.0,0.0,0.51,6.53,0.0,0.0,0.78,1.65,0.0,0.0,0.33,0.07,60.0,94.0,0.34,1.87,0.0,0.0,0.32,0.04,0.0,39.0,0.34,2.34,0.0,0.0,0.31,2.1,0.0,0.0,0.31,0.02,0.0,1.0,0.36,0.03,0.0,17.0,0.35,2.59,0.0,0.0,0.36,0.01,0.0,10.0,0.36,,,,,,,,,,,,,,,,,,,,,,,,,,,,,,,,,,,,,,,,,,,,,,,,,,,,,,,,,,,,,,,,,,,,,,,,,,,,,,,,,,,,,,,,,,,,,,,,,,,,,,,,,,,,,,,,,,,,,,,,,,,,,,,,,,,,,,,,,,,,,,,,,,,,,,,,,,,,,,,,,,,,,,,,,,,,,,,,
2023-09-25 16:00:00,9.31,1.26,0,0,0.34,1.07,0,0,0.34,0.9,0,0,0.34,0.76,0,0,0.35,0.62,0,8,0.35,0.5,0,6,0.35,0.4,0,181,0.35,0.31,0,250,0.34,0.19,0,135,0.35,0.11,1,59,0.35,0.06,0,450,0.35,0.03,0,316,0.34,0.02,0,40,0.36,0.01,0,57,0.36,0.01,0,24,0.39,0.01,0,49,0.43,0.01,0,31,0.46,0.01,0,32,0.49,0.01,0,0,0.52,0.14,170,192,0.35,0.19,0,84,0.34,0.27,2,378,0.34,0.36,0,526,0.34,0.47,25,174,0.34,0.6,1,397,0.33,0.75,0,635,0.33,0.91,0,51,0.33,1.32,0,53,0.35,1.74,0,48,0.34,2.2,0,224,0.34,2.69,0,202,,3.19,0,0,,3.69,0,0,,4.19,0,0,,4.69,0,0,,5.19,0,0,,5.69,0,0,,6.19,0,0,,0.01,0.0,0.0,0.54,6.69,0.0,0.0,,1.46,0.0,0.0,0.34,0.09,0.0,94.0,0.34,1.68,0.0,0.0,0.35,0.06,0.0,39.0,0.35,2.19,0.0,0.0,0.46,1.9,0.0,0.0,0.33,0.02,0.0,1.0,0.35,0.04,0.0,17.0,0.36,2.43,0.0,0.0,0.5,0.01,0.0,10.0,0.34,,,,,,,,,,,,,,,,,,,,,,,,,,,,,,,,,,,,,,,,,,,,,,,,,,,,,,,,,,,,,,,,,,,,,,,,,,,,,,,,,,,,,,,,,,,,,,,,,,,,,,,,,,,,,,,,,,,,,,,,,,,,,,,,,,,,,,,,,,,,,,,,,,,,,,,,,,,,,,,,,,,,,,,,,,,,,,,,
2023-09-26 16:00:00,9.14,1.15,0,0,0.37,0.97,0,0,0.37,0.8,0,0,0.36,0.66,0,0,0.36,0.52,60,68,0.35,0.42,15,21,0.35,0.33,40,196,0.35,0.25,0,250,0.34,0.15,0,135,0.35,0.08,1,60,0.34,0.05,0,450,0.36,0.03,15,331,0.37,0.02,0,40,0.38,0.01,0,57,0.38,0.01,0,24,0.41,0.01,0,49,0.45,0.01,0,31,0.48,0.01,0,32,0.51,0.01,0,0,0.54,0.17,0,192,0.35,0.24,2,86,0.35,0.33,18,382,0.35,0.43,1,527,0.34,0.55,0,174,0.34,0.7,0,397,0.34,0.86,6,641,0.34,1.03,1,51,0.33,1.45,1,53,0.35,1.92,0,48,0.39,2.39,0,224,0.4,2.89,0,202,0.46,3.39,0,0,0.51,3.89,0,0,0.56,4.39,0,0,0.61,4.89,0,0,0.65,5.39,0,0,0.69,5.89,0,0,0.73,6.39,0,0,0.77,0.01,0.0,0.0,0.56,6.89,0.0,0.0,0.81,1.31,0.0,0.0,0.34,0.12,0.0,94.0,0.35,1.52,0.0,0.0,0.34,0.08,1.0,39.0,0.36,1.97,0.0,0.0,0.34,1.74,0.0,0.0,0.34,0.03,0.0,1.0,0.36,0.05,0.0,17.0,0.36,2.23,0.0,0.0,0.41,0.02,0.0,10.0,0.37,,,,,,,,,,,,,,,,,,,,,,,,,,,,,,,,,,,,,,,,,,,,,,,,,,,,,,,,,,,,,,,,,,,,,,,,,,,,,,,,,,,,,,,,,,,,,,,,,,,,,,,,,,,,,,,,,,,,,,,,,,,,,,,,,,,,,,,,,,,,,,,,,,,,,,,,,,,,,,,,,,,,,,,,,,,,,,,,
2023-09-27 16:00:00,9.15,1.1,0,0,0.32,0.94,0,0,0.34,0.78,0,0,0.34,0.64,0,0,0.34,0.51,0,68,0.34,0.41,32,36,0.34,0.32,20,211,0.34,0.25,24,274,0.34,0.15,1,135,0.35,0.08,1,60,0.35,0.04,0,450,0.34,0.02,0,331,0.34,0.01,0,40,0.34,0.01,0,57,0.38,0.01,0,24,0.42,0.01,0,49,0.45,0.01,0,31,0.48,0.01,0,32,0.51,0.01,0,0,0.54,0.16,0,192,0.34,0.24,60,146,0.35,0.32,33,382,0.34,0.43,11,527,0.35,0.55,0,174,0.34,0.7,0,397,0.35,0.86,0,641,0.35,1.06,0,51,0.36,1.47,0,53,0.38,1.9,0,48,0.37,2.4,0,224,0.44,2.89,0,200,0.48,3.39,0,0,0.53,3.89,0,0,0.58,4.39,0,0,0.63,4.89,0,0,0.67,5.39,0,0,0.72,5.89,0,0,0.76,6.39,0,0,0.8,0.01,0.0,0.0,0.57,6.89,0.0,0.0,0.84,1.32,0.0,0.0,0.34,0.11,0.0,94.0,0.35,1.53,0.0,0.0,0.35,0.07,0.0,39.0,0.35,2.0,0.0,0.0,0.39,1.75,0.0,0.0,0.34,0.03,0.0,1.0,0.36,0.05,0.0,17.0,0.36,2.21,0.0,0.0,0.3,0.02,0.0,10.0,0.37,,,,,,,,,,,,,,,,,,,,,,,,,,,,,,,,,,,,,,,,,,,,,,,,,,,,,,,,,,,,,,,,,,,,,,,,,,,,,,,,,,,,,,,,,,,,,,,,,,,,,,,,,,,,,,,,,,,,,,,,,,,,,,,,,,,,,,,,,,,,,,,,,,,,,,,,,,,,,,,,,,,,,,,,,,,,,,,,
2023-09-28 16:00:00,9.07,1.08,0,0,0.36,0.91,0,0,0.37,0.73,0,0,0.35,0.58,0,0,0.34,0.47,15,83,0.34,0.37,15,51,0.34,0.28,15,226,0.34,0.22,0,274,0.34,0.13,6,140,0.35,0.07,0,60,0.35,0.04,0,450,0.36,0.02,0,331,0.35,0.01,0,40,0.36,0.01,0,57,0.39,0.01,0,24,0.43,0.01,0,49,0.46,0.01,0,31,0.49,0.01,0,32,0.52,0.01,0,0,0.55,0.18,6,192,0.35,0.26,220,280,0.35,0.34,6,388,0.34,0.46,9,518,0.35,0.59,20,186,0.35,0.73,0,397,0.34,0.9,0,641,0.34,1.09,0,51,0.34,1.5,0,53,0.35,1.97,0,48,0.38,2.45,0,224,0.4,2.94,0,200,0.43,3.44,0,0,0.48,3.94,0,0,0.52,4.44,0,0,0.57,4.94,0,0,0.61,5.44,0,0,0.65,5.94,0,0,0.69,6.44,0,0,0.73,0.01,0.0,0.0,0.58,6.94,0.0,0.0,0.76,1.26,0.0,0.0,0.36,0.12,5.0,97.0,0.35,1.46,0.0,0.0,0.35,0.08,0.0,39.0,0.35,1.92,0.0,0.0,0.39,1.67,0.0,0.0,0.34,0.03,0.0,1.0,0.35,0.05,0.0,17.0,0.35,2.15,0.0,0.0,0.39,0.02,0.0,10.0,0.37,,,,,,,,,,,,,,,,,,,,,,,,,,,,,,,,,,,,,,,,,,,,,,,,,,,,,,,,,,,,,,,,,,,,,,,,,,,,,,,,,,,,,,,,,,,,,,,,,,,,,,,,,,,,,,,,,,,,,,,,,,,,,,,,,,,,,,,,,,,,,,,,,,,,,,,,,,,,,,,,,,,,,,,,,,,,,,,,
2023-09-29 16:00:00,9.24,1.19,0,0,0.34,1.0,0,0,0.34,0.83,0,0,0.34,0.66,0,0,0.33,0.53,0,83,0.33,0.43,0,51,0.34,0.34,19,211,0.34,0.24,74,329,0.32,0.14,2,142,0.33,0.08,1,60,0.34,0.04,0,450,0.34,0.02,0,331,0.34,0.01,0,40,0.34,0.01,0,57,0.38,0.01,0,24,0.41,0.01,0,49,0.45,0.01,0,31,0.48,0.01,0,32,0.51,0.01,0,0,0.54,0.12,5,192,0.33,0.18,0,280,0.33,0.26,0,388,0.33,0.36,112,614,0.33,0.48,17,186,0.33,0.61,0,397,0.33,0.78,0,641,0.33,0.95,0,51,0.33,1.35,0,53,0.34,1.79,0,48,0.34,2.26,0,224,,2.76,0,200,,3.26,0,0,,3.76,0,0,,4.26,0,0,,4.76,0,0,,5.26,0,0,,5.76,0,0,,6.26,0,0,,0.01,0.0,0.0,0.57,6.76,0.0,0.0,,1.38,0.0,0.0,0.33,0.08,0.0,97.0,0.33,1.6,0.0,0.0,0.34,0.05,0.0,39.0,0.33,2.11,0.0,0.0,0.45,1.82,0.0,0.0,0.32,0.02,0.0,1.0,0.35,0.03,0.0,17.0,0.34,2.35,0.0,0.0,0.49,0.01,0.0,10.0,0.35,2.59,0.0,0.0,0.52,0.01,0.0,0.0,0.38,,,,,,,,,,,,,,,,,,,,,,,,,,,,,,,,,,,,,,,,,,,,,,,,,,,,,,,,,,,,,,,,,,,,,,,,,,,,,,,,,,,,,,,,,,,,,,,,,,,,,,,,,,,,,,,,,,,,,,,,,,,,,,,,,,,,,,,,,,,,,,,,,,,,,,,,,,,,,,,,,,,,,,,,
2023-10-03 16:00:00,9.01,1.01,0,0,0.36,0.83,0,0,0.35,0.67,0,0,0.35,0.53,0,0,0.34,0.42,60,128,0.35,0.33,60,106,0.35,0.25,62,192,0.35,0.19,61,287,0.35,0.11,0,142,0.36,0.06,0,60,0.36,0.03,5,450,0.36,0.02,0,331,0.38,0.01,0,40,0.38,0.01,0,57,0.42,0.01,0,24,0.45,0.01,0,49,0.49,0.01,0,31,0.52,0.01,0,32,0.55,0.01,0,0,0.58,0.18,46,208,0.35,0.26,3,281,0.35,0.35,12,380,0.35,0.47,6,610,0.35,0.61,2,185,0.35,0.77,0,397,0.36,0.94,0,641,0.35,1.14,0,51,0.36,1.54,0,53,0.34,2.02,0,48,0.38,2.51,0,209,0.42,3.01,0,200,0.48,3.51,0,0,0.53,4.01,0,0,0.58,4.51,0,0,0.63,5.01,0,0,0.67,5.51,0,0,0.71,6.01,0,0,0.75,6.51,0,0,0.79,0.01,0.0,0.0,0.61,7.01,0.0,0.0,0.83,1.19,0.0,0.0,0.35,0.12,0.0,97.0,0.35,1.39,0.0,0.0,0.35,0.08,0.0,39.0,0.35,1.85,0.0,0.0,0.38,1.61,0.0,0.0,0.35,0.03,32.0,33.0,0.36,0.05,0.0,17.0,0.36,2.08,0.0,0.0,0.38,0.02,0.0,10.0,0.37,2.32,0.0,0.0,0.38,0.01,0.0,0.0,0.37,,,,,,,,,,,,,,,,,,,,,,,,,,,,,,,,,,,,,,,,,,,,,,,,,,,,,,,,,,,,,,,,,,,,,,,,,,,,,,,,,,,,,,,,,,,,,,,,,,,,,,,,,,,,,,,,,,,,,,,,,,,,,,,,,,,,,,,,,,,,,,,,,,,,,,,,,,,,,,,,,,,,,,,,
2023-10-04 16:00:00,8.88,0.9,0,0,0.36,0.75,0,0,0.37,0.6,0,0,0.36,0.46,0,0,0.35,0.36,177,144,0.35,0.28,60,61,0.35,0.21,58,160,0.35,0.16,12,295,0.35,0.09,1,143,0.36,0.05,17,60,0.37,0.02,0,450,0.35,0.01,2,329,0.36,0.01,0,40,0.4,0.01,0,57,0.44,0.01,0,24,0.47,0.01,0,49,0.51,0.01,0,31,0.54,0.01,0,32,0.57,0.01,0,0,0.6,0.21,0,208,0.35,0.3,22,295,0.35,0.41,33,381,0.36,0.53,161,665,0.35,0.68,11,185,0.35,0.85,0,397,0.36,1.04,0,641,0.36,1.23,0,51,0.36,1.66,0,53,0.35,2.16,0,48,0.42,2.64,0,209,0.44,3.14,0,200,0.5,3.64,0,0,0.55,4.14,0,0,0.6,4.64,0,0,0.65,5.14,0,0,0.69,5.64,0,0,0.74,6.14,0,0,0.78,6.64,0,0,0.82,0.01,0.0,0.0,0.63,7.14,0.0,0.0,0.85,1.11,0.0,0.0,0.39,0.14,18.0,112.0,0.35,1.27,0.0,0.0,0.35,0.09,0.0,39.0,0.35,1.71,0.0,0.0,0.35,1.49,0.0,0.0,0.36,0.04,0.0,33.0,0.37,0.06,0.0,17.0,0.36,1.95,0.0,0.0,0.37,0.02,0.0,10.0,0.36,2.19,0.0,0.0,0.38,0.01,0.0,0.0,0.36,,,,,,,,,,,,,,,,,,,,,,,,,,,,,,,,,,,,,,,,,,,,,,,,,,,,,,,,,,,,,,,,,,,,,,,,,,,,,,,,,,,,,,,,,,,,,,,,,,,,,,,,,,,,,,,,,,,,,,,,,,,,,,,,,,,,,,,,,,,,,,,,,,,,,,,,,,,,,,,,,,,,,,,,
2023-10-05 16:00:00,8.86,0.88,0,0,0.36,0.71,0,0,0.35,0.57,0,0,0.35,0.44,6,6,0.34,0.34,0,144,0.34,0.26,101,161,0.35,0.19,0,160,0.34,0.14,2,295,0.34,0.07,100,243,0.34,0.04,0,60,0.35,0.02,0,450,0.36,0.01,0,329,0.36,0.01,0,40,0.4,0.01,0,57,0.44,0.01,0,24,0.48,0.01,0,49,0.52,0.01,0,31,0.55,0.01,0,32,0.58,0.01,0,0,0.61,0.21,20,228,0.35,0.29,0,295,0.34,0.39,2,381,0.34,0.52,0,665,0.34,0.67,0,185,0.34,0.83,0,397,0.33,1.03,0,641,0.34,1.23,0,51,0.34,1.69,0,53,0.37,2.14,0,48,,2.64,0,209,,3.14,0,200,,3.64,0,0,,4.14,0,0,,4.64,0,0,,5.14,0,0,,5.64,0,0,,6.14,0,0,,6.64,0,0,,0.01,0.0,0.0,0.64,7.14,0.0,0.0,,1.05,0.0,0.0,0.34,0.14,0.0,112.0,0.35,1.28,0.0,0.0,0.38,0.09,0.0,39.0,0.35,1.69,0.0,0.0,0.35,1.5,0.0,0.0,0.4,0.03,0.0,33.0,0.34,0.06,0.0,17.0,0.36,1.96,0.0,0.0,0.45,0.02,0.0,10.0,0.36,2.19,0.0,0.0,0.45,0.01,0.0,0.0,0.36,,,,,,,,,,,,,,,,,,,,,,,,,,,,,,,,,,,,,,,,,,,,,,,,,,,,,,,,,,,,,,,,,,,,,,,,,,,,,,,,,,,,,,,,,,,,,,,,,,,,,,,,,,,,,,,,,,,,,,,,,,,,,,,,,,,,,,,,,,,,,,,,,,,,,,,,,,,,,,,,,,,,,,,,
2023-10-11 16:00:00,9.1,1.04,0,0,0.36,0.85,0,0,0.35,0.68,0,0,0.34,0.53,12,18,0.34,0.41,6,138,0.34,0.3,15,176,0.33,0.22,1,218,0.33,0.16,37,317,0.33,0.08,7,251,0.33,0.04,0,84,0.34,0.02,0,450,0.35,0.01,3,324,0.35,0.01,0,40,0.4,0.01,0,57,0.44,0.01,0,24,0.48,0.01,0,49,0.52,0.01,0,31,0.55,0.01,0,32,0.59,0.01,0,0,0.62,0.12,0,228,0.33,0.17,0,296,0.32,0.25,24,411,0.32,0.36,1,669,0.32,0.48,0,184,0.31,0.63,0,397,0.31,0.8,2,641,0.31,0.98,4,55,0.29,1.44,0,53,0.33,1.9,0,48,,2.4,0,0,,2.9,0,200,,3.4,0,0,,3.9,0,0,,4.4,0,0,,4.9,0,0,,5.4,0,0,,5.9,0,0,,6.4,0,0,,0.01,0.0,0.0,0.65,6.9,0.0,0.0,,1.25,0.0,0.0,0.37,0.07,15.0,116.0,0.33,1.48,0.0,0.0,0.4,0.04,0.0,39.0,0.33,1.95,0.0,0.0,0.47,1.67,0.0,0.0,0.34,0.01,0.0,33.0,0.32,0.03,0.0,17.0,0.35,2.19,0.0,0.0,0.5,0.01,0.0,10.0,0.37,2.44,0.0,0.0,0.56,0.01,0.0,0.0,0.41,5.16,0.0,0.0,1.23,5.06,0.0,0.0,1.2,4.96,0.0,0.0,1.16,4.87,0.0,0.0,1.18,4.77,0.0,0.0,1.15,4.67,0.0,0.0,1.11,4.57,0.0,0.0,1.08,4.47,0.0,0.0,1.05,4.37,0.0,0.0,1.01,4.27,0.0,0.0,0.98,4.17,0.0,0.0,0.95,3.92,0.0,0.0,0.88,3.67,0.0,0.0,0.81,3.42,0.0,0.0,0.74,3.18,0.0,0.0,0.71,2.93,0.0,0.0,0.65,2.68,0.0,0.0,0.59,0.01,0.0,0.0,0.68,0.01,0.0,0.0,0.71,0.01,0.0,0.0,0.74,0.01,0.0,0.0,0.77,0.01,0.0,0.0,1.02,0.01,0.0,0.0,0.99,0.01,0.0,0.0,0.96,0.01,0.0,0.0,0.93,0.01,0.0,0.0,0.91,0.01,0.0,0.0,0.88,0.01,0.0,0.0,0.85,0.01,0.0,0.0,0.83,0.01,0.0,0.0,0.8,0.01,0.0,0.0,0.78,0.01,0.0,0.0,0.76,0.01,0.0,0.0,0.7,0.01,0.0,0.0,0.65,0.01,0.0,0.0,0.6,0.01,0.0,0.0,0.55,0.01,0.0,0.0,0.5,0.01,0.0,0.0,0.46,7.4,0.0,0.0,,7.9,0.0,0.0,,8.4,0.0,0.0,,8.9,0.0,0.0,
2023-10-12 16:00:00,9.45,1.32,0,0,0.34,1.1,0,0,0.32,0.9,0,0,0.32,0.73,6,18,0.32,0.58,0,138,0.32,0.45,27,176,0.32,0.34,10,221,0.32,0.26,43,358,0.33,0.14,11,258,0.33,0.07,2,84,0.33,0.04,4,452,0.35,0.02,0,324,0.35,0.01,0,40,0.36,0.01,0,57,0.4,0.01,0,24,0.44,0.01,0,49,0.48,0.01,0,31,0.52,0.01,0,32,0.55,0.01,0,0,0.59,0.07,24,204,0.34,0.11,69,241,0.33,0.16,12,423,0.33,0.24,110,779,0.33,0.34,22,199,0.33,0.46,22,377,0.33,0.6,14,642,0.33,0.77,19,70,0.33,1.16,1,54,0.35,1.61,3,51,0.37,2.08,0,0,0.4,2.56,0,200,0.41,3.06,0,0,0.47,3.56,0,0,0.52,4.06,0,0,0.57,4.56,0,0,0.61,5.06,0,0,0.66,5.56,0,0,0.7,6.06,0,0,0.74,0.01,0.0,0.0,0.62,6.56,0.0,0.0,0.78,1.54,0.0,0.0,0.34,0.04,1.0,117.0,0.34,1.76,0.0,0.0,0.31,0.02,0.0,39.0,0.33,2.25,0.0,0.0,0.35,2.01,0.0,0.0,0.36,0.01,0.0,33.0,0.37,0.01,0.0,17.0,0.33,2.5,0.0,0.0,0.41,0.01,0.0,10.0,0.41,2.74,0.0,0.0,0.31,0.01,0.0,0.0,0.46,5.47,0.0,0.0,,5.37,0.0,0.0,,5.27,0.0,0.0,,5.17,0.0,0.0,,5.07,0.0,0.0,,4.97,0.0,0.0,,4.87,0.0,0.0,,4.77,0.0,0.0,,4.67,0.0,0.0,,4.57,0.0,0.0,,4.48,0.0,0.0,0.59,4.23,0.0,0.0,,3.98,0.0,0.0,,3.73,0.0,0.0,,3.48,0.0,0.0,,3.23,0.0,0.0,,2.99,0.0,0.0,0.4,0.01,0.0,0.0,0.65,0.01,0.0,0.0,0.68,0.01,0.0,0.0,0.71,0.01,0.0,0.0,0.73,0.01,0.0,0.0,1.06,0.01,0.0,0.0,1.04,0.01,0.0,0.0,1.01,0.01,0.0,0.0,0.98,0.01,0.0,0.0,0.95,0.01,0.0,0.0,0.93,0.01,0.0,0.0,0.9,0.01,0.0,0.0,0.88,0.01,0.0,0.0,0.85,0.01,0.0,0.0,0.83,0.01,0.0,0.0,0.81,0.01,0.0,0.0,0.75,0.01,0.0,0.0,0.7,0.01,0.0,0.0,0.64,0.01,0.0,0.0,0.59,0.01,0.0,0.0,0.55,0.01,0.0,0.0,0.5,7.06,0.0,0.0,0.82,7.56,0.0,0.0,0.86,8.06,0.0,0.0,0.89,8.56,0.0,0.0,0.93
2023-10-16 16:00:00,9.21,1.09,0,0,0.33,0.89,0,0,0.33,0.71,0,0,0.32,0.56,0,18,0.33,0.43,0,137,0.33,0.31,2,177,0.32,0.24,16,231,0.33,0.17,157,446,0.33,0.09,2,260,0.34,0.04,1,84,0.34,0.02,0,452,0.35,0.01,0,324,0.36,0.01,0,40,0.41,0.01,0,57,0.45,0.01,0,24,0.49,0.01,0,49,0.53,0.01,0,31,0.57,0.01,0,32,0.61,0.01,0,0,0.64,0.09,0,204,0.34,0.15,50,291,0.34,0.22,0,423,0.34,0.31,116,868,0.33,0.43,17,185,0.33,0.57,2,377,0.33,0.74,0,642,0.34,0.92,0,71,0.33,1.33,0,54,0.32,1.82,0,51,0.38,2.32,0,0,0.45,2.82,0,200,0.52,3.32,0,0,0.58,3.82,0,0,0.64,4.32,0,0,0.69,4.82,0,0,0.74,5.32,0,0,0.79,5.82,0,0,0.84,6.32,0,0,0.88,0.01,0.0,0.0,0.68,6.82,0.0,0.0,0.92,1.3,0.0,0.0,0.33,0.05,0.0,117.0,0.33,1.53,0.0,0.0,0.33,0.03,0.0,39.0,0.34,2.02,0.0,0.0,0.41,1.76,0.0,0.0,0.31,0.01,0.0,33.0,0.36,0.02,0.0,17.0,0.36,2.22,0.0,0.0,,0.01,0.0,10.0,0.4,2.5,0.0,0.0,0.39,0.01,0.0,0.0,0.45,5.22,0.0,0.0,,5.12,0.0,0.0,,5.04,0.0,0.0,0.98,4.94,0.0,0.0,0.94,4.84,0.0,0.0,0.91,4.72,0.0,0.0,,4.62,0.0,0.0,,4.52,0.0,0.0,,4.42,0.0,0.0,,4.32,0.0,0.0,,4.22,0.0,0.0,,3.99,0.0,0.0,0.61,3.72,0.0,0.0,,3.47,0.0,0.0,,3.23,0.0,0.0,,2.98,0.0,0.0,,2.73,0.0,0.0,,0.01,0.0,0.0,0.71,0.01,0.0,0.0,0.74,0.01,0.0,0.0,0.77,0.01,0.0,0.0,0.8,0.01,0.0,0.0,1.08,0.01,0.0,0.0,1.05,0.01,0.0,0.0,1.03,0.01,0.0,0.0,1.0,0.01,0.0,0.0,0.97,0.01,0.0,0.0,0.94,0.01,0.0,0.0,0.91,0.01,0.0,0.0,0.89,0.01,0.0,0.0,0.86,0.01,0.0,0.0,0.84,0.01,0.0,0.0,0.81,0.01,0.0,0.0,0.75,0.01,0.0,0.0,0.7,0.01,0.0,0.0,0.64,0.01,0.0,0.0,0.59,0.01,0.0,0.0,0.54,0.01,0.0,0.0,0.5,7.32,0.0,0.0,0.96,7.82,0.0,0.0,1.0,8.32,0.0,0.0,1.04,8.82,0.0,0.0,1.08
2023-10-18 16:00:00,9.33,1.17,0,0,0.3,0.99,0,0,0.34,0.8,0,0,0.34,0.62,15,21,0.32,0.48,0,137,0.32,0.33,32,162,0.3,0.25,0,231,0.31,0.18,43,480,0.32,0.08,0,261,0.31,0.04,16,99,0.33,0.02,2,450,0.34,0.01,0,324,0.35,0.01,0,40,0.4,0.01,0,57,0.45,0.01,0,24,0.49,0.01,0,49,0.53,0.01,0,31,0.57,0.01,0,32,0.61,0.01,0,0,0.64,0.06,0,205,0.32,0.1,5,296,0.32,0.15,0,423,0.31,0.24,29,902,0.32,0.35,177,236,0.32,0.48,39,370,0.32,0.61,74,716,0.3,0.82,0,71,0.33,1.21,0,54,0.31,1.68,0,51,0.32,2.17,0,0,,2.67,0,200,,3.17,0,0,,3.67,0,0,,4.17,0,0,,4.67,0,0,,5.17,0,0,,5.67,0,0,,6.17,0,0,,0.01,0.0,0.0,0.68,6.67,0.0,0.0,,1.4,0.0,0.0,0.31,0.03,4.0,117.0,0.32,1.63,0.0,0.0,0.29,0.02,0.0,39.0,0.34,2.14,0.0,0.0,0.44,1.9,0.0,0.0,0.42,0.01,0.0,33.0,0.38,0.01,0.0,17.0,0.34,2.38,0.0,0.0,0.45,0.01,0.0,10.0,0.43,2.63,0.0,0.0,0.51,0.01,0.0,0.0,0.47,5.36,0.0,0.0,1.11,5.26,0.0,0.0,1.07,5.16,0.0,0.0,1.03,5.06,0.0,0.0,1.0,4.96,0.0,0.0,0.96,4.86,0.0,0.0,0.93,4.76,0.0,0.0,0.89,4.66,0.0,0.0,0.86,4.56,0.0,0.0,0.82,4.46,0.0,0.0,0.79,4.36,0.0,0.0,0.76,4.12,0.0,0.0,0.82,3.87,0.0,0.0,0.74,3.62,0.0,0.0,0.68,3.37,0.0,0.0,0.61,3.12,0.0,0.0,0.55,2.88,0.0,0.0,0.56,0.01,0.0,0.0,0.71,0.01,0.0,0.0,0.74,0.01,0.0,0.0,0.77,0.01,0.0,0.0,0.8,0.01,0.0,0.0,1.12,0.01,0.0,0.0,1.09,0.01,0.0,0.0,1.06,0.01,0.0,0.0,1.03,0.01,0.0,0.0,1.01,0.01,0.0,0.0,0.98,0.01,0.0,0.0,0.95,0.01,0.0,0.0,0.92,0.01,0.0,0.0,0.9,0.01,0.0,0.0,0.87,0.01,0.0,0.0,0.85,0.01,0.0,0.0,0.79,0.01,0.0,0.0,0.73,0.01,0.0,0.0,0.67,0.01,0.0,0.0,0.62,0.01,0.0,0.0,0.57,0.01,0.0,0.0,0.52,7.17,0.0,0.0,,7.67,0.0,0.0,,8.17,0.0,0.0,,8.67,0.0,0.0,
2023-10-19 16:00:00,8.9,0.84,0,0,0.35,0.67,0,0,0.35,0.51,0,0,0.34,0.39,84,104,0.34,0.28,38,161,0.34,0.21,47,194,0.35,0.15,44,232,0.35,0.1,156,431,0.34,0.05,20,266,0.36,0.02,6,99,0.35,0.01,6,444,0.37,0.01,0,324,0.42,0.01,0,40,0.47,0.01,0,57,0.51,0.01,0,24,0.55,0.01,0,49,0.59,0.01,0,31,0.63,0.01,0,32,0.67,0.01,0,0,0.71,0.15,69,205,0.35,0.23,131,372,0.35,0.32,26,432,0.34,0.45,70,867,0.34,0.6,1,237,0.35,0.77,0,370,0.35,0.96,0,716,0.35,1.18,1,72,0.36,1.62,0,54,0.36,2.1,1,50,,2.6,0,0,,3.1,0,200,,3.6,0,0,,4.1,0,0,,4.6,0,0,,5.1,0,0,,5.6,0,0,,6.1,0,0,,6.6,0,0,,0.01,0.0,0.0,0.74,7.1,0.0,0.0,,1.03,0.0,0.0,0.34,0.1,22.0,117.0,0.36,1.24,0.0,0.0,0.34,0.06,33.0,72.0,0.36,1.7,0.0,0.0,0.34,1.47,0.0,0.0,0.36,0.02,0.0,33.0,0.37,0.03,0.0,17.0,0.35,1.99,0.0,0.0,0.53,0.01,0.0,10.0,0.37,2.23,0.0,0.0,0.57,0.01,0.0,0.0,0.42,4.95,0.0,0.0,1.28,4.85,0.0,0.0,1.24,4.75,0.0,0.0,1.2,4.65,0.0,0.0,1.16,4.56,0.0,0.0,1.19,4.46,0.0,0.0,1.15,4.36,0.0,0.0,1.12,4.26,0.0,0.0,1.08,4.16,0.0,0.0,1.05,4.06,0.0,0.0,1.02,3.96,0.0,0.0,0.98,3.71,0.0,0.0,0.91,3.46,0.0,0.0,0.83,3.21,0.0,0.0,0.76,2.97,0.0,0.0,0.73,2.72,0.0,0.0,0.66,2.47,0.0,0.0,0.6,0.01,0.0,0.0,0.77,0.01,0.0,0.0,0.81,0.01,0.0,0.0,0.84,0.01,0.0,0.0,0.87,0.01,0.0,0.0,1.08,0.01,0.0,0.0,1.05,0.01,0.0,0.0,1.02,0.01,0.0,0.0,0.99,0.01,0.0,0.0,0.96,0.01,0.0,0.0,0.94,0.01,0.0,0.0,0.91,0.01,0.0,0.0,0.88,0.01,0.0,0.0,0.85,0.01,0.0,0.0,0.83,0.01,0.0,0.0,0.8,0.01,0.0,0.0,0.74,0.01,0.0,0.0,0.68,0.01,0.0,0.0,0.63,0.01,0.0,0.0,0.57,0.01,0.0,0.0,0.52,0.01,0.0,0.0,0.47,7.6,0.0,0.0,,8.1,0.0,0.0,,8.6,0.0,0.0,,9.1,0.0,0.0,
2023-10-20 16:00:00,8.76,0.74,0,0,0.36,0.57,15,15,0.35,0.43,100,100,0.34,0.32,166,118,0.35,0.23,3,163,0.35,0.16,25,219,0.34,0.11,3,232,0.34,0.07,25,432,0.34,0.04,0,266,0.37,0.02,0,99,0.38,0.01,0,444,0.39,0.01,0,324,0.44,0.01,0,40,0.49,0.01,0,57,0.54,0.01,0,24,0.58,0.01,0,49,0.62,0.01,0,31,0.66,0.01,0,32,0.7,0.01,0,0,0.73,0.18,29,211,0.35,0.27,3,374,0.35,0.38,55,486,0.35,0.53,69,849,0.35,0.67,14,251,0.33,0.85,4,370,0.33,1.07,0,716,0.35,1.28,1,72,0.34,1.75,0,54,0.36,2.25,2,50,0.43,2.75,0,0,0.49,3.25,0,200,0.55,3.75,0,0,0.61,4.25,0,0,0.67,4.75,0,0,0.72,5.25,0,0,0.77,5.75,0,0,0.81,6.25,0,0,0.86,6.75,0,0,0.9,0.01,0.0,0.0,0.77,7.25,0.0,0.0,0.94,0.93,0.0,0.0,0.37,0.12,7.0,117.0,0.36,1.11,0.0,0.0,0.34,0.07,3.0,75.0,0.35,1.56,0.0,0.0,0.33,1.33,0.0,0.0,0.34,0.02,0.0,33.0,0.35,0.04,0.0,17.0,0.35,1.8,0.0,0.0,0.33,0.01,0.0,10.0,0.36,2.05,0.0,0.0,0.38,0.01,0.0,0.0,0.41,4.78,0.0,0.0,0.77,4.68,0.0,0.0,,4.58,0.0,0.0,,4.48,0.0,0.0,,4.38,0.0,0.0,,4.28,0.0,0.0,,4.18,0.0,0.0,,4.08,0.0,0.0,,3.98,0.0,0.0,,3.88,0.0,0.0,,3.78,0.0,0.0,,3.54,0.0,0.0,0.65,3.29,0.0,0.0,0.57,3.04,0.0,0.0,0.49,2.79,0.0,0.0,0.4,2.54,0.0,0.0,,2.3,0.0,0.0,0.44,0.01,0.0,0.0,0.8,0.01,0.0,0.0,0.83,0.01,0.0,0.0,0.86,0.01,0.0,0.0,0.89,0.01,0.0,0.0,1.08,0.01,0.0,0.0,1.05,0.01,0.0,0.0,1.02,0.01,0.0,0.0,0.99,0.01,0.0,0.0,0.96,0.01,0.0,0.0,0.93,0.01,0.0,0.0,0.9,0.01,0.0,0.0,0.87,0.01,0.0,0.0,0.85,0.01,0.0,0.0,0.82,0.01,0.0,0.0,0.79,0.01,0.0,0.0,0.73,0.01,0.0,0.0,0.67,0.01,0.0,0.0,0.62,0.01,0.0,0.0,0.56,0.01,0.0,0.0,0.51,0.01,0.0,0.0,0.46,7.75,0.0,0.0,0.98,8.25,0.0,0.0,1.02,8.75,0.0,0.0,1.06,9.25,0.0,0.0,1.1
2023-10-24 16:00:00,8.7,0.69,0,0,0.37,0.53,0,15,0.37,0.39,20,116,0.36,0.29,73,125,0.36,0.2,5,161,0.36,0.14,3,220,0.36,0.1,42,211,0.37,0.07,8,432,0.37,0.03,15,266,0.37,0.01,0,99,0.36,0.01,0,444,0.42,0.01,0,324,0.48,0.01,0,40,0.53,0.01,0,57,0.58,0.01,0,24,0.62,0.01,0,49,0.66,0.01,0,31,0.71,0.01,0,32,0.75,0.01,0,0,0.78,0.19,5,216,0.36,0.28,21,395,0.35,0.4,111,591,0.35,0.53,26,871,0.34,0.7,2,249,0.34,0.89,0,370,0.34,1.1,0,716,0.34,1.31,4,73,0.3,1.8,0,54,,2.3,1,4,,2.8,0,0,,3.3,0,200,,3.8,0,0,,4.3,0,0,,4.8,0,0,,5.3,0,0,,5.8,0,0,,6.3,0,0,,6.8,0,0,,0.01,0.0,0.0,0.82,7.3,0.0,0.0,,0.87,0.0,0.0,0.38,0.12,0.0,117.0,0.36,1.05,0.0,0.0,0.35,0.07,0.0,75.0,0.36,1.5,0.0,0.0,0.35,1.27,0.0,0.0,0.35,0.02,0.0,33.0,0.36,0.04,2.0,19.0,0.36,1.74,0.0,0.0,0.36,0.01,15.0,25.0,0.37,2.01,0.0,0.0,0.51,0.01,0.0,0.0,0.42,4.73,0.0,0.0,1.16,4.63,0.0,0.0,1.12,4.54,0.0,0.0,1.19,4.43,0.0,0.0,1.04,4.35,0.0,0.0,1.19,4.25,0.0,0.0,1.15,4.15,0.0,0.0,1.12,4.05,0.0,0.0,1.08,3.95,0.0,0.0,1.05,3.85,0.0,0.0,1.01,3.75,0.0,0.0,0.98,3.49,0.0,0.0,0.83,3.24,0.0,0.0,0.75,2.99,0.0,0.0,0.68,2.76,0.0,0.0,0.72,2.5,0.0,0.0,0.6,2.25,0.0,0.0,0.54,0.01,0.0,0.0,0.85,0.01,0.0,0.0,0.89,0.01,0.0,0.0,0.92,0.01,0.0,0.0,0.95,0.01,0.0,0.0,1.13,0.01,0.0,0.0,1.1,0.01,0.0,0.0,1.06,0.01,0.0,0.0,1.03,0.01,0.0,0.0,1.0,0.01,0.0,0.0,0.97,0.01,0.0,0.0,0.94,0.01,0.0,0.0,0.91,0.01,0.0,0.0,0.88,0.01,0.0,0.0,0.86,0.01,0.0,0.0,0.83,0.01,0.0,0.0,0.76,0.01,0.0,0.0,0.7,0.01,0.0,0.0,0.64,0.01,0.0,0.0,0.58,0.01,0.0,0.0,0.53,0.01,0.0,0.0,0.47,7.8,0.0,0.0,,8.3,0.0,0.0,,8.8,0.0,0.0,,9.3,0.0,0.0,
2023-10-25 16:00:00,8.78,0.73,0,0,0.36,0.56,1,16,0.35,0.42,10,106,0.35,0.3,134,125,0.35,0.21,31,190,0.34,0.15,87,257,0.35,0.1,13,202,0.35,0.07,2,430,0.36,0.03,2,266,0.36,0.01,0,99,0.36,0.01,2,442,0.42,0.01,0,324,0.47,0.01,0,40,0.52,0.01,0,57,0.57,0.01,0,24,0.62,0.01,0,49,0.66,0.01,0,31,0.7,0.01,0,32,0.74,0.01,0,0,0.78,0.16,36,221,0.35,0.24,50,399,0.35,0.35,34,621,0.35,0.49,7,878,0.35,0.65,0,249,0.35,0.84,10,370,0.35,1.04,0,716,0.35,1.26,0,73,0.36,1.74,14,52,0.4,2.24,6,3,0.48,2.75,0,0,0.58,3.25,0,200,0.65,3.75,0,0,0.72,4.25,0,0,0.78,4.75,0,0,0.84,5.25,0,0,0.89,5.75,0,0,0.94,6.25,0,0,0.99,6.75,0,0,1.04,0.01,0.0,0.0,0.82,7.25,0.0,0.0,1.09,0.92,0.0,0.0,0.37,0.1,6.0,123.0,0.36,1.12,0.0,0.0,0.36,0.06,0.0,75.0,0.36,1.57,0.0,0.0,0.33,1.34,0.0,0.0,0.35,0.02,0.0,33.0,0.38,0.03,0.0,19.0,0.36,1.84,0.0,0.0,0.47,0.01,0.0,25.0,0.38,2.06,0.0,0.0,0.32,0.01,0.0,0.0,0.44,4.81,0.0,0.0,1.19,4.71,0.0,0.0,1.15,4.61,0.0,0.0,1.11,4.51,0.0,0.0,1.08,4.39,0.0,0.0,,4.3,0.0,0.0,0.74,4.18,0.0,0.0,,4.08,0.0,0.0,,3.98,0.0,0.0,,3.88,0.0,0.0,,3.8,0.0,0.0,,3.55,0.0,0.0,,3.32,0.0,0.0,0.78,3.07,0.0,0.0,0.71,2.79,0.0,0.0,,2.55,0.0,0.0,,2.33,0.0,0.0,0.56,0.01,0.0,0.0,0.86,0.01,0.0,0.0,0.89,0.01,0.0,0.0,0.92,0.01,0.0,0.0,0.95,0.01,0.0,0.0,1.16,0.01,0.0,0.0,1.12,0.01,0.0,0.0,1.09,0.01,0.0,0.0,1.06,0.01,0.0,0.0,1.03,0.01,0.0,0.0,1.0,0.01,0.0,0.0,0.96,0.01,0.0,0.0,0.94,0.01,0.0,0.0,0.91,0.01,0.0,0.0,0.88,0.01,0.0,0.0,0.85,0.01,0.0,0.0,0.78,0.01,0.0,0.0,0.72,0.01,0.0,0.0,0.66,0.01,0.0,0.0,0.6,0.01,0.0,0.0,0.55,0.01,0.0,0.0,0.49,7.75,0.0,0.0,1.14,8.25,0.0,0.0,1.18,8.75,0.0,0.0,1.22,9.25,0.0,0.0,1.26
2023-10-26 16:00:00,8.8,0.74,0,0,0.36,0.57,1,17,0.36,0.42,0,106,0.35,0.3,235,195,0.34,0.21,161,278,0.34,0.15,16,272,0.35,0.1,16,218,0.35,0.07,2,431,0.36,0.03,0,266,0.37,0.01,1,99,0.36,0.01,71,443,0.42,0.01,0,324,0.47,0.01,0,40,0.53,0.01,0,57,0.58,0.01,0,24,0.62,0.01,0,49,0.67,0.01,0,31,0.71,0.01,0,32,0.75,0.01,0,0,0.79,0.15,31,252,0.35,0.23,53,452,0.35,0.33,6,622,0.34,0.46,5,879,0.34,0.61,2,249,0.32,0.81,0,370,0.34,1.02,0,716,0.35,1.24,1,74,0.36,1.7,0,52,,2.2,5,8,,2.7,0,0,,3.2,0,200,,3.7,0,0,,4.2,0,0,,4.7,0,0,,5.2,0,0,,5.7,0,0,,6.2,0,0,,6.7,0,0,,0.01,0.0,0.0,0.83,7.2,0.0,0.0,,0.93,0.0,0.0,0.36,0.09,21.0,132.0,0.35,1.13,0.0,0.0,0.35,0.05,20.0,95.0,0.35,1.59,0.0,0.0,0.34,1.38,0.0,0.0,0.41,0.02,0.0,33.0,0.39,0.03,0.0,19.0,0.37,1.86,0.0,0.0,0.49,0.01,0.0,25.0,0.39,2.1,0.0,0.0,0.51,0.01,1.0,1.0,0.45,4.85,0.0,0.0,1.41,4.75,0.0,0.0,1.37,4.63,0.0,0.0,1.14,4.53,0.0,0.0,1.1,4.43,0.0,0.0,1.06,4.33,0.0,0.0,1.03,4.25,0.0,0.0,1.17,4.15,0.0,0.0,1.14,4.05,0.0,0.0,1.1,3.95,0.0,0.0,1.06,3.85,0.0,0.0,1.03,3.6,0.0,0.0,0.94,3.35,0.0,0.0,0.87,3.11,0.0,0.0,0.84,2.86,0.0,0.0,0.76,2.61,0.0,0.0,0.69,2.36,0.0,0.0,0.62,0.01,0.0,0.0,0.87,0.01,0.0,0.0,0.9,0.01,0.0,0.0,0.93,0.01,0.0,0.0,0.97,0.01,0.0,0.0,1.18,0.01,0.0,0.0,1.14,0.01,0.0,0.0,1.11,0.01,0.0,0.0,1.08,0.01,0.0,0.0,1.04,0.01,0.0,0.0,1.01,0.01,0.0,0.0,0.98,0.01,0.0,0.0,0.95,0.01,0.0,0.0,0.92,0.01,0.0,0.0,0.89,0.01,0.0,0.0,0.87,0.01,0.0,0.0,0.8,0.01,0.0,0.0,0.73,0.01,0.0,0.0,0.67,0.01,0.0,0.0,0.61,0.01,0.0,0.0,0.56,0.01,0.0,0.0,0.5,7.7,0.0,0.0,,8.2,0.0,0.0,,8.7,0.0,0.0,,9.2,0.0,0.0,
2023-10-27 16:00:00,8.92,0.83,0,0,0.36,0.64,1,16,0.35,0.49,0,106,0.35,0.36,76,179,0.35,0.26,25,286,0.35,0.17,32,274,0.34,0.11,2,217,0.34,0.08,9,431,0.35,0.03,1,266,0.35,0.01,2,101,0.35,0.01,0,443,0.41,0.01,0,324,0.46,0.01,0,40,0.52,0.01,0,57,0.57,0.01,0,24,0.62,0.01,0,49,0.66,0.01,0,31,0.7,0.01,0,32,0.75,0.01,0,0,0.79,0.12,3,252,0.35,0.18,31,449,0.34,0.27,77,689,0.34,0.39,73,927,0.33,0.54,121,370,0.34,0.71,0,370,0.33,0.91,0,716,0.34,1.13,0,74,0.35,1.59,13,65,0.35,2.11,22,30,0.49,2.6,0,0,0.54,3.1,0,200,0.61,3.6,0,0,0.67,4.1,0,0,0.73,4.6,0,0,0.79,5.1,0,0,0.85,5.6,0,0,0.9,6.1,0,0,0.96,6.6,0,0,1.0,0.01,0.0,0.0,0.82,7.1,0.0,0.0,1.05,1.02,0.0,0.0,0.35,0.07,0.0,132.0,0.36,1.23,0.0,0.0,0.33,0.04,0.0,95.0,0.36,1.71,0.0,0.0,0.37,1.46,0.0,0.0,0.31,0.01,0.0,33.0,0.37,0.02,0.0,19.0,0.36,1.95,0.0,0.0,0.33,0.01,0.0,25.0,0.42,2.21,0.0,0.0,0.49,0.01,0.0,1.0,0.47,4.94,0.0,0.0,1.07,4.83,0.0,0.0,,4.73,0.0,0.0,,4.63,0.0,0.0,,4.53,0.0,0.0,,4.43,0.0,0.0,,4.33,0.0,0.0,,4.23,0.0,0.0,,4.13,0.0,0.0,,4.03,0.0,0.0,,3.93,0.0,0.0,,3.7,0.0,0.0,0.81,3.45,0.0,0.0,0.74,3.2,0.0,0.0,0.66,2.94,0.0,0.0,,2.69,0.0,0.0,,2.44,0.0,0.0,,0.01,0.0,0.0,0.86,0.01,0.0,0.0,0.9,0.01,0.0,0.0,0.93,0.01,0.0,0.0,0.96,0.01,0.0,0.0,1.21,0.01,0.0,0.0,1.18,0.01,0.0,0.0,1.14,0.01,0.0,0.0,1.11,0.01,0.0,0.0,1.08,0.01,0.0,0.0,1.04,0.01,0.0,0.0,1.01,0.01,0.0,0.0,0.98,0.01,0.0,0.0,0.95,0.01,0.0,0.0,0.93,0.01,0.0,0.0,0.9,0.01,0.0,0.0,0.83,0.01,0.0,0.0,0.76,0.01,0.0,0.0,0.7,0.01,0.0,0.0,0.64,0.01,0.0,0.0,0.58,0.01,0.0,0.0,0.53,7.6,0.0,0.0,1.09,8.1,0.0,0.0,1.14,8.6,0.0,0.0,1.18,9.1,0.0,0.0,1.22
2023-10-30 16:00:00,9.0,0.88,0,0,0.37,0.68,0,16,0.35,0.5,15,121,0.33,0.34,129,164,0.31,0.25,63,346,0.33,0.16,349,473,0.32,0.11,7,220,0.33,0.07,10,441,0.33,0.03,1,266,0.35,0.01,0,101,0.35,0.01,0,443,0.41,0.01,0,324,0.47,0.01,0,40,0.53,0.01,0,57,0.58,0.01,0,24,0.63,0.01,0,49,0.68,0.01,0,31,0.73,0.01,0,32,0.77,0.01,0,0,0.81,0.08,67,252,0.33,0.13,106,410,0.33,0.22,144,774,0.33,0.33,128,949,0.33,0.47,152,379,0.33,0.63,10,370,0.32,0.82,0,716,0.31,1.04,0,74,0.33,1.5,0,65,,2.0,12,40,,2.5,0,0,,3.0,0,200,,3.5,0,0,,4.0,0,0,,4.5,0,0,,5.0,0,0,,5.5,0,0,,6.0,0,0,,6.5,0,0,,0.01,0.0,0.0,0.85,7.0,0.0,0.0,,1.07,0.0,0.0,0.33,0.04,9.0,136.0,0.33,1.26,0.0,0.0,,0.02,6.0,97.0,0.33,1.78,0.0,0.0,0.34,1.53,0.0,0.0,0.28,0.01,0.0,33.0,0.4,0.01,8.0,23.0,0.34,2.04,20.0,0.0,0.48,0.01,0.0,25.0,0.45,2.29,0.0,0.0,0.54,0.01,0.0,1.0,0.51,5.03,0.0,0.0,1.35,4.93,0.0,0.0,1.31,4.83,0.0,0.0,1.27,4.73,0.0,0.0,1.23,4.61,0.0,0.0,,4.51,0.0,0.0,,4.41,0.0,0.0,,4.31,0.0,0.0,,4.21,0.0,0.0,,4.11,0.0,0.0,,4.01,0.0,0.0,,3.77,0.0,0.0,0.65,3.54,0.0,0.0,0.9,3.29,0.0,0.0,0.82,3.04,0.0,0.0,0.75,2.79,0.0,0.0,0.68,2.54,0.0,0.0,0.61,0.01,0.0,0.0,0.89,0.01,0.0,0.0,0.93,0.01,0.0,0.0,0.96,0.01,0.0,0.0,1.0,0.01,0.0,0.0,1.28,0.01,0.0,0.0,1.25,0.01,0.0,0.0,1.21,0.01,0.0,0.0,1.18,0.01,0.0,0.0,1.14,0.01,0.0,0.0,1.11,0.01,0.0,0.0,1.08,0.01,0.0,0.0,1.04,0.01,0.0,0.0,1.01,0.01,0.0,0.0,0.98,0.01,0.0,0.0,0.95,0.01,0.0,0.0,0.88,0.01,0.0,0.0,0.81,0.01,0.0,0.0,0.75,0.01,0.0,0.0,0.68,0.01,0.0,0.0,0.62,0.01,0.0,0.0,0.57,7.5,0.0,0.0,,8.0,0.0,0.0,,8.5,0.0,0.0,,9.0,0.0,0.0,
2023-10-31 16:00:00,8.87,0.78,0,0,0.38,0.59,0,16,0.36,0.43,6,121,0.35,0.31,275,342,0.35,0.21,16,331,0.35,0.13,27,481,0.34,0.08,31,240,0.33,0.06,1,442,0.36,0.02,0,266,0.35,0.01,0,101,0.38,0.01,0,443,0.44,0.01,0,324,0.5,0.01,0,40,0.56,0.01,0,57,0.61,0.01,0,24,0.67,0.01,0,49,0.71,0.01,0,31,0.76,0.01,0,32,0.81,0.01,0,0,0.85,0.11,65,305,0.35,0.17,60,364,0.33,0.27,20,792,0.34,0.39,147,992,0.33,0.55,2,381,0.33,0.73,0,370,0.33,0.93,0,716,0.33,1.16,0,74,0.34,1.63,0,65,,2.13,0,5,,2.63,0,0,,3.13,0,200,,3.63,0,0,,4.13,0,0,,4.63,0,0,,5.13,0,0,,5.63,0,0,,6.13,0,0,,6.63,0,0,,0.01,0.0,0.0,0.89,7.13,0.0,0.0,,0.99,0.0,0.0,0.4,0.06,7.0,138.0,0.35,1.21,0.0,0.0,0.42,0.03,2.0,97.0,0.35,1.65,0.0,0.0,0.33,1.43,0.0,0.0,0.42,0.01,0.0,33.0,0.38,0.02,0.0,23.0,0.37,1.9,20.0,0.0,0.39,0.01,0.0,25.0,0.44,2.16,0.0,0.0,0.54,0.01,0.0,1.0,0.49,4.91,0.0,0.0,1.48,4.81,0.0,0.0,1.43,4.71,0.0,0.0,1.39,4.6,0.0,0.0,1.24,4.5,0.0,0.0,1.2,4.4,0.0,0.0,1.16,4.3,0.0,0.0,1.12,4.2,0.0,0.0,1.08,4.08,0.0,0.0,,3.98,0.0,0.0,,3.88,0.0,0.0,,3.65,0.0,0.0,0.89,3.41,0.0,0.0,0.9,3.15,0.0,0.0,0.73,2.92,0.0,0.0,0.81,2.67,0.0,0.0,0.73,2.41,0.0,0.0,0.6,0.01,0.0,0.0,0.93,0.01,0.0,0.0,0.96,0.01,0.0,0.0,1.0,0.01,0.0,0.0,1.04,0.01,0.0,0.0,1.28,0.01,0.0,0.0,1.25,0.01,0.0,0.0,1.21,0.01,0.0,0.0,1.18,0.01,0.0,0.0,1.14,0.01,0.0,0.0,1.11,0.01,0.0,0.0,1.07,0.01,0.0,0.0,1.04,0.01,0.0,0.0,1.01,0.01,0.0,0.0,0.98,0.01,0.0,0.0,0.95,0.01,0.0,0.0,0.88,0.01,0.0,0.0,0.81,0.01,0.0,0.0,0.74,0.01,0.0,0.0,0.68,0.01,0.0,0.0,0.62,0.01,0.0,0.0,0.55,7.63,0.0,0.0,,8.13,0.0,0.0,,8.63,0.0,0.0,,9.13,0.0,0.0,
2023-11-02 16:00:00,9.19,1.05,0,0,0.41,0.84,0,16,0.39,0.65,0,121,0.37,0.48,185,278,0.36,0.35,305,259,0.36,0.24,362,451,0.35,0.16,201,326,0.35,0.1,118,487,0.34,0.04,49,294,0.35,0.02,29,101,0.38,0.01,0,443,0.4,0.01,0,324,0.47,0.01,0,40,0.53,0.01,0,57,0.58,0.01,0,24,0.64,0.01,0,49,0.69,0.01,0,31,0.74,0.01,0,32,0.78,0.01,0,0,0.83,0.06,259,278,0.37,0.09,18,398,0.34,0.15,126,693,0.34,0.24,126,1051,0.34,0.36,26,361,0.34,0.5,85,455,0.33,0.67,0,716,0.32,0.86,0,73,0.31,1.33,1,64,0.36,1.81,0,5,,2.31,0,0,,2.81,0,200,,3.31,0,0,,3.81,0,0,,4.31,0,0,,4.81,0,0,,5.31,0,0,,5.81,0,0,,6.31,0,0,,0.01,0.0,0.0,0.87,6.81,0.0,0.0,,1.27,0.0,0.0,0.42,0.03,53.0,161.0,0.36,1.5,0.0,0.0,0.43,0.02,0.0,97.0,0.39,1.97,0.0,0.0,0.4,1.72,0.0,0.0,0.34,0.01,0.0,33.0,0.45,0.01,3.0,23.0,0.4,2.25,0.0,0.0,0.64,0.01,0.0,25.0,0.51,2.48,0.0,0.0,0.61,0.01,0.0,1.0,0.57,5.22,0.0,0.0,1.47,5.12,0.0,0.0,1.42,5.02,0.0,0.0,1.38,4.92,0.0,0.0,1.34,4.82,0.0,0.0,1.29,4.72,0.0,0.0,1.25,4.62,0.0,0.0,1.21,4.53,0.0,0.0,1.28,4.43,0.0,0.0,1.24,4.33,0.0,0.0,1.2,4.25,0.0,0.0,1.31,4.0,0.0,0.0,1.21,3.75,0.0,0.0,1.12,3.5,0.0,0.0,1.03,3.23,0.0,0.0,0.83,2.98,0.0,0.0,0.76,2.72,0.0,0.0,0.59,0.01,0.0,0.0,0.91,0.01,0.0,0.0,0.95,0.01,0.0,0.0,0.99,0.01,0.0,0.0,1.02,0.01,0.0,0.0,1.38,0.01,0.0,0.0,1.34,0.01,0.0,0.0,1.31,0.01,0.0,0.0,1.27,0.01,0.0,0.0,1.23,0.01,0.0,0.0,1.2,0.01,0.0,0.0,1.16,0.01,0.0,0.0,1.13,0.01,0.0,0.0,1.1,0.01,0.0,0.0,1.06,0.01,0.0,0.0,1.03,0.01,0.0,0.0,0.96,0.01,0.0,0.0,0.89,0.01,0.0,0.0,0.82,0.01,0.0,0.0,0.75,0.01,0.0,0.0,0.69,0.01,0.0,0.0,0.63,7.31,0.0,0.0,,7.81,0.0,0.0,,8.31,0.0,0.0,,8.81,0.0,0.0,
2023-11-03 16:00:00,9.48,1.29,0,0,0.37,1.06,0,16,0.36,0.85,0,121,0.35,0.66,7,279,0.35,0.49,22,247,0.34,0.35,31,449,0.34,0.25,46,343,0.34,0.16,88,523,0.33,0.07,106,334,0.35,0.03,0,101,0.36,0.01,0,443,0.36,0.01,0,324,0.43,0.01,0,40,0.49,0.01,0,57,0.55,0.01,0,24,0.6,0.01,0,49,0.65,0.01,0,31,0.7,0.01,0,32,0.75,0.01,0,0,0.8,0.03,0,278,0.37,0.05,9,397,0.35,0.09,50,649,0.35,0.14,10,1055,0.34,0.23,158,483,0.34,0.34,18,459,0.34,0.49,0,716,0.34,0.65,100,166,0.33,1.08,1,63,0.37,1.54,0,5,0.39,2.02,0,0,,2.52,0,200,,3.02,0,0,,3.52,0,0,,4.02,0,0,,4.52,0,0,,5.02,0,0,,5.52,0,0,,6.02,0,0,,0.01,0.0,0.0,0.84,6.52,0.0,0.0,,1.54,0.0,0.0,0.44,0.01,0.0,161.0,0.35,1.76,0.0,0.0,0.34,0.01,20.0,77.0,0.4,2.27,0.0,0.0,0.55,2.04,0.0,0.0,0.57,0.01,0.0,33.0,0.51,0.01,0.0,23.0,0.45,2.52,0.0,0.0,0.61,0.01,0.0,25.0,0.57,2.77,0.0,0.0,0.68,0.01,0.0,1.0,0.63,5.51,0.0,0.0,1.55,5.41,0.0,0.0,1.5,5.31,0.0,0.0,1.46,5.21,0.0,0.0,1.41,5.11,0.0,0.0,1.37,5.01,0.0,0.0,1.33,4.93,0.0,0.0,1.48,4.83,0.0,0.0,1.44,4.73,0.0,0.0,1.4,4.63,0.0,0.0,1.36,4.53,0.0,0.0,1.32,4.26,0.0,0.0,1.05,4.01,0.0,0.0,0.96,3.76,0.0,0.0,0.88,3.52,0.0,0.0,0.9,3.27,0.0,0.0,0.82,3.02,0.0,0.0,0.75,0.01,0.0,0.0,0.88,0.01,0.0,0.0,0.92,0.01,0.0,0.0,0.96,0.01,0.0,0.0,1.0,0.01,0.0,0.0,1.45,0.01,0.0,0.0,1.41,0.01,0.0,0.0,1.37,0.01,0.0,0.0,1.34,0.01,0.0,0.0,1.3,0.01,0.0,0.0,1.27,0.01,0.0,0.0,1.23,0.01,0.0,0.0,1.2,0.01,0.0,0.0,1.16,0.01,0.0,0.0,1.13,0.01,0.0,0.0,1.1,0.01,0.0,0.0,1.02,0.01,0.0,0.0,0.95,0.01,0.0,0.0,0.88,0.01,0.0,0.0,0.81,0.01,0.0,0.0,0.75,0.01,0.0,0.0,0.68,7.02,0.0,0.0,,7.52,0.0,0.0,,8.02,0.0,0.0,,8.52,0.0,0.0,
2023-11-06 16:00:00,9.8,1.58,0,0,0.33,1.36,0,16,0.41,1.13,0,121,0.39,0.92,48,295,0.39,0.72,4,247,0.37,0.54,22,445,0.36,0.4,63,339,0.36,0.28,295,583,0.36,0.13,167,397,0.36,0.05,8,102,0.36,0.02,19,460,0.37,0.01,1,325,0.4,0.01,0,40,0.46,0.01,0,57,0.53,0.01,0,24,0.59,0.01,0,49,0.64,0.01,0,31,0.7,0.01,0,32,0.75,0.01,0,0,0.8,0.01,3,276,0.37,0.02,19,381,0.36,0.04,41,643,0.36,0.08,83,977,0.36,0.13,137,409,0.36,0.2,196,454,0.35,0.31,80,796,0.35,0.45,1,166,0.35,0.8,0,63,0.36,1.24,0,5,0.38,1.72,0,0,0.43,2.2,0,200,,2.7,0,0,,3.21,0,0,0.63,3.7,0,0,,4.2,0,0,,4.7,0,0,,5.2,0,0,,5.7,0,0,,0.01,0.0,0.0,0.84,6.2,0.0,0.0,,1.83,0.0,0.0,0.39,0.01,100.0,261.0,0.42,2.08,0.0,0.0,0.45,0.01,0.0,77.0,0.48,2.58,0.0,0.0,0.58,2.33,0.0,0.0,0.51,0.01,0.0,33.0,0.6,0.01,0.0,23.0,0.54,2.83,0.0,0.0,0.64,0.01,0.0,25.0,0.66,3.07,0.0,0.0,,0.01,0.0,1.0,0.72,5.82,0.0,0.0,1.53,5.72,0.0,0.0,1.49,5.62,0.0,0.0,1.44,5.52,0.0,0.0,1.4,5.42,0.0,0.0,1.35,5.32,0.0,0.0,1.31,5.22,0.0,0.0,1.27,5.12,0.0,0.0,1.23,5.02,0.0,0.0,1.19,4.92,0.0,0.0,1.15,4.82,0.0,0.0,1.11,4.57,0.0,0.0,1.02,4.32,0.0,0.0,0.92,4.07,0.0,0.0,0.84,3.82,0.0,0.0,0.75,3.57,0.0,0.0,0.66,3.32,0.0,0.0,0.56,0.01,0.0,0.0,0.89,0.01,0.0,0.0,0.93,0.01,0.0,0.0,0.97,0.01,0.0,0.0,1.01,0.01,0.0,0.0,1.58,0.01,0.0,0.0,1.54,0.01,0.0,0.0,1.5,0.01,0.0,0.0,1.47,0.01,0.0,0.0,1.43,0.01,0.0,0.0,1.39,0.01,0.0,0.0,1.36,0.01,0.0,0.0,1.32,0.01,0.0,0.0,1.29,0.01,0.0,0.0,1.25,0.01,0.0,0.0,1.22,0.01,0.0,0.0,1.14,0.01,0.0,0.0,1.06,0.01,0.0,0.0,0.98,0.01,0.0,0.0,0.91,0.01,0.0,0.0,0.84,0.01,0.0,0.0,0.78,6.7,0.0,0.0,,7.2,0.0,0.0,,7.7,0.0,0.0,,8.2,0.0,0.0,
2023-11-07 16:00:00,9.77,1.55,0,0,0.34,1.34,0,16,0.44,1.11,0,121,0.41,0.88,1,295,0.37,0.67,1,247,0.35,0.51,3,445,0.36,0.36,1,338,0.35,0.25,124,633,0.35,0.11,75,417,0.35,0.04,102,170,0.35,0.02,87,527,0.39,0.01,0,325,0.41,0.01,0,40,0.48,0.01,0,57,0.55,0.01,0,24,0.61,0.01,0,49,0.66,0.01,0,31,0.72,0.01,0,32,0.77,0.01,0,0,0.82,0.01,146,395,0.37,0.02,40,366,0.36,0.04,13,630,0.36,0.07,8,981,0.35,0.12,3,412,0.34,0.21,43,496,0.35,0.31,21,795,0.34,0.45,56,216,0.34,0.81,0,63,0.34,1.25,0,5,0.35,1.73,0,0,,2.23,0,200,,2.73,0,0,,3.23,0,0,,3.73,0,0,,4.23,0,0,,4.73,0,0,,5.23,0,0,,5.73,0,0,,0.01,0.0,0.0,0.87,6.23,0.0,0.0,,1.8,0.0,0.0,0.4,0.01,5.0,256.0,0.43,2.07,0.0,0.0,0.58,0.01,0.0,77.0,0.48,2.57,0.0,0.0,0.73,2.32,0.0,0.0,0.65,0.01,0.0,33.0,0.6,0.01,0.0,23.0,0.54,2.81,0.0,0.0,0.74,0.01,0.0,25.0,0.67,3.06,0.0,0.0,0.82,0.01,0.0,1.0,0.73,5.81,0.0,0.0,1.88,5.71,0.0,0.0,1.83,5.61,0.0,0.0,1.78,5.51,0.0,0.0,1.73,5.41,0.0,0.0,1.69,5.31,0.0,0.0,1.64,5.21,0.0,0.0,1.59,5.11,0.0,0.0,1.55,5.01,0.0,0.0,1.51,4.91,0.0,0.0,1.47,4.81,0.0,0.0,1.43,4.56,0.0,0.0,1.33,4.31,0.0,0.0,1.23,4.06,0.0,0.0,1.14,3.81,0.0,0.0,1.06,3.56,0.0,0.0,0.97,3.31,0.0,0.0,0.89,0.01,0.0,0.0,0.91,0.01,0.0,0.0,0.96,0.01,0.0,0.0,1.0,0.01,0.0,0.0,1.04,0.01,0.0,0.0,1.61,0.01,0.0,0.0,1.57,0.01,0.0,0.0,1.53,0.01,0.0,0.0,1.49,0.01,0.0,0.0,1.46,0.01,0.0,0.0,1.42,0.01,0.0,0.0,1.38,0.01,0.0,0.0,1.35,0.01,0.0,0.0,1.31,0.01,0.0,0.0,1.28,0.01,0.0,0.0,1.24,0.01,0.0,0.0,1.16,0.01,0.0,0.0,1.08,0.01,0.0,0.0,1.0,0.01,0.0,0.0,0.93,0.01,0.0,0.0,0.86,0.01,0.0,0.0,0.79,6.73,0.0,0.0,,7.23,0.0,0.0,,7.73,0.0,0.0,,8.23,0.0,0.0,
2023-11-08 16:00:00,9.56,1.36,0,0,0.42,1.13,0,16,0.4,0.91,0,121,0.39,0.7,0,295,0.37,0.52,29,272,0.36,0.37,126,514,0.35,0.25,38,332,0.35,0.16,418,920,0.34,0.06,80,359,0.35,0.02,1,171,0.35,0.01,0,527,0.39,0.01,0,325,0.46,0.01,0,40,0.53,0.01,0,57,0.6,0.01,0,24,0.66,0.01,0,49,0.72,0.01,0,31,0.77,0.01,0,32,0.82,0.01,0,0,0.87,0.02,0,395,0.39,0.03,20,372,0.36,0.06,14,641,0.36,0.1,47,984,0.34,0.17,29,419,0.34,0.27,19,497,0.33,0.4,32,820,0.33,0.57,2,216,0.33,0.98,0,63,0.35,1.45,0,5,0.37,1.94,0,0,,2.44,0,200,,2.94,0,0,,3.44,0,0,,3.94,0,0,,4.44,0,0,,4.94,0,0,,5.44,0,0,,5.94,0,0,,0.01,0.0,0.0,0.92,6.44,0.0,0.0,,1.59,0.0,0.0,0.38,0.01,0.0,256.0,0.4,1.83,0.0,0.0,,0.01,0.0,77.0,0.46,2.35,0.0,0.0,0.65,2.09,0.0,0.0,0.51,0.01,0.0,33.0,0.58,0.01,0.0,23.0,0.52,2.6,5.0,4.0,0.73,0.01,0.0,25.0,0.65,2.83,0.0,0.0,0.56,0.01,0.0,1.0,0.71,5.59,0.0,0.0,1.77,5.49,0.0,0.0,1.72,5.39,0.0,0.0,1.67,5.29,0.0,0.0,1.62,5.19,0.0,0.0,1.58,5.09,0.0,0.0,1.53,4.98,0.0,0.0,1.32,4.88,0.0,0.0,1.28,4.78,0.0,0.0,1.24,4.66,0.0,0.0,,4.56,0.0,0.0,,4.31,0.0,0.0,,4.06,0.0,0.0,,3.82,0.0,0.0,,3.57,0.0,0.0,,3.35,0.0,0.0,0.96,3.08,0.0,0.0,0.64,0.01,0.0,0.0,0.97,0.01,0.0,0.0,1.01,0.01,0.0,0.0,1.06,0.01,0.0,0.0,1.1,0.01,0.0,0.0,1.62,0.01,0.0,0.0,1.58,0.01,0.0,0.0,1.54,0.01,0.0,0.0,1.5,0.01,0.0,0.0,1.46,0.01,0.0,0.0,1.42,0.01,0.0,0.0,1.38,0.01,0.0,0.0,1.34,0.01,0.0,0.0,1.31,0.01,0.0,0.0,1.27,0.01,0.0,0.0,1.24,0.01,0.0,0.0,1.15,0.01,0.0,0.0,1.07,0.01,0.0,0.0,0.99,0.01,0.0,0.0,0.91,0.01,0.0,0.0,0.84,0.01,0.0,0.0,0.77,6.94,0.0,0.0,,7.44,0.0,0.0,,7.94,0.0,0.0,,8.44,0.0,0.0,
2023-11-09 16:00:00,9.55,1.37,0,0,0.49,1.11,15,30,0.39,0.88,0,121,0.36,0.68,0,295,0.36,0.49,0,272,0.34,0.34,313,739,0.33,0.22,167,373,0.33,0.14,153,1020,0.33,0.05,148,334,0.34,0.02,0,171,0.36,0.01,0,527,0.4,0.01,0,325,0.48,0.01,0,40,0.55,0.01,0,57,0.61,0.01,0,24,0.68,0.01,0,49,0.74,0.01,0,31,0.79,0.01,0,32,0.85,0.01,0,0,0.9,0.01,0,395,0.35,0.02,30,396,0.33,0.05,1,642,0.34,0.09,158,982,0.33,0.16,283,464,0.33,0.26,46,511,0.33,0.39,40,812,0.32,0.56,0,216,0.32,0.98,0,63,0.34,1.45,0,5,,1.95,0,0,,2.45,0,200,,2.95,0,0,,3.45,0,0,,3.95,0,0,,4.45,0,0,,4.95,0,0,,5.45,0,0,,5.95,0,0,,0.01,0.0,0.0,0.95,6.45,0.0,0.0,,1.57,0.0,0.0,,0.01,0.0,256.0,0.41,1.85,0.0,0.0,0.57,0.01,0.0,77.0,0.47,2.35,0.0,0.0,0.73,2.1,0.0,0.0,0.65,0.01,0.0,33.0,0.59,0.01,0.0,23.0,0.53,2.59,0.0,4.0,0.75,0.01,0.0,25.0,0.66,2.84,0.0,0.0,0.83,0.01,0.0,1.0,0.72,5.59,0.0,0.0,1.95,5.49,0.0,0.0,1.89,5.39,0.0,0.0,1.84,5.29,0.0,0.0,1.79,5.19,0.0,0.0,1.74,5.09,0.0,0.0,1.69,4.99,0.0,0.0,1.65,4.89,0.0,0.0,1.6,4.79,0.0,0.0,1.55,4.69,0.0,0.0,1.51,4.59,0.0,0.0,1.47,4.34,0.0,0.0,1.36,4.09,0.0,0.0,1.26,3.84,0.0,0.0,1.17,3.59,0.0,0.0,1.08,3.34,0.0,0.0,0.99,3.09,0.0,0.0,0.91,0.01,0.0,0.0,1.0,0.01,0.0,0.0,1.04,0.01,0.0,0.0,1.09,0.01,0.0,0.0,1.13,0.01,0.0,0.0,1.66,0.01,0.0,0.0,1.62,0.01,0.0,0.0,1.57,0.01,0.0,0.0,1.53,0.01,0.0,0.0,1.49,0.01,0.0,0.0,1.45,0.01,0.0,0.0,1.41,0.01,0.0,0.0,1.38,0.01,0.0,0.0,1.34,0.01,0.0,0.0,1.3,0.01,0.0,0.0,1.26,0.01,0.0,0.0,1.18,0.01,0.0,0.0,1.09,0.01,0.0,0.0,1.01,0.01,0.0,0.0,0.94,0.01,0.0,0.0,0.86,0.01,0.0,0.0,0.79,6.95,0.0,0.0,,7.45,0.0,0.0,,7.95,0.0,0.0,,8.45,0.0,0.0,
2023-11-10 16:00:00,9.27,1.08,0,0,0.41,0.82,10,30,0.3,0.61,0,121,0.3,0.46,0,295,0.35,0.31,7,277,0.34,0.21,334,465,0.35,0.12,168,345,0.33,0.08,127,1015,0.35,0.02,24,318,0.34,0.01,0,171,0.38,0.01,0,527,0.47,0.01,0,325,0.54,0.01,0,40,0.62,0.01,0,57,0.68,0.01,0,24,0.75,0.01,0,49,0.81,0.01,0,31,0.87,0.01,0,32,0.92,0.01,0,0,0.97,0.02,47,350,0.34,0.05,1,396,0.35,0.1,44,652,0.35,0.17,130,985,0.35,0.27,39,472,0.34,0.41,10,513,0.34,0.59,26,812,0.35,0.79,0,216,0.35,1.24,0,63,0.35,1.74,0,5,0.45,2.24,0,0,0.55,2.74,0,200,0.63,3.24,0,0,0.71,3.74,0,0,0.79,4.24,0,0,0.86,4.74,0,0,0.93,5.24,0,0,1.0,5.73,0,0,,6.23,0,0,,0.01,0.0,0.0,1.02,6.73,0.0,0.0,,1.3,0.0,0.0,0.36,0.01,0.0,256.0,0.36,1.54,0.0,0.0,0.3,0.01,0.0,77.0,0.42,2.03,0.0,0.0,,1.79,0.0,0.0,0.37,0.01,0.0,33.0,0.55,0.01,0.0,23.0,0.49,2.28,0.0,4.0,,0.01,0.0,25.0,0.62,2.53,0.0,0.0,,0.01,0.0,1.0,0.69,5.27,0.0,0.0,,5.17,0.0,0.0,,5.07,0.0,0.0,,4.98,0.0,0.0,,4.88,0.0,0.0,,4.78,0.0,0.0,,4.68,0.0,0.0,,4.58,0.0,0.0,,4.48,0.0,0.0,,4.38,0.0,0.0,,4.28,0.0,0.0,,4.06,0.0,0.0,1.35,3.81,0.0,0.0,1.25,3.56,0.0,0.0,1.15,3.28,0.0,0.0,,3.03,0.0,0.0,,2.78,0.0,0.0,,0.01,0.0,0.0,1.07,0.01,0.0,0.0,1.12,0.01,0.0,0.0,1.16,0.01,0.0,0.0,1.21,0.01,0.0,0.0,1.66,0.01,0.0,0.0,1.61,0.01,0.0,0.0,1.57,0.01,0.0,0.0,1.53,0.01,0.0,0.0,1.48,0.01,0.0,0.0,1.44,0.01,0.0,0.0,1.4,0.01,0.0,0.0,1.36,0.01,0.0,0.0,1.32,0.01,0.0,0.0,1.28,0.01,0.0,0.0,1.25,0.01,0.0,0.0,1.16,0.01,0.0,0.0,1.07,0.01,0.0,0.0,0.99,0.01,0.0,0.0,0.91,0.01,0.0,0.0,0.83,0.01,0.0,0.0,0.76,7.23,0.0,0.0,,7.73,0.0,0.0,,8.23,0.0,0.0,,8.73,0.0,0.0,
2023-11-13 16:00:00,9.29,1.07,0,0,0.34,0.83,0,30,0.31,0.66,0,121,0.4,0.47,2,295,0.37,0.31,141,281,0.36,0.2,101,493,0.36,0.11,8,341,0.34,0.06,126,956,0.34,0.02,255,376,0.37,0.01,0,171,0.42,0.01,0,527,0.51,0.01,0,325,0.59,0.01,0,40,0.67,0.01,0,57,0.74,0.01,0,24,0.81,0.01,0,49,0.88,0.01,0,31,0.94,0.01,0,32,1.0,0.01,0,0,1.06,0.02,75,275,0.38,0.04,2,396,0.36,0.08,8,659,0.36,0.14,70,1030,0.34,0.25,6,475,0.35,0.38,56,475,0.34,0.56,0,812,0.35,0.76,0,216,0.35,1.24,0,63,0.44,1.71,0,5,,2.23,0,0,0.64,2.73,0,200,0.73,3.23,0,0,0.82,3.73,0,0,0.91,4.23,0,0,0.99,4.73,0,0,1.07,5.23,0,0,1.14,5.73,0,0,1.21,6.23,0,0,1.28,0.01,0.0,0.0,1.11,6.73,0.0,0.0,1.34,1.31,0.0,0.0,0.33,0.01,0.0,256.0,0.4,1.56,0.0,0.0,0.4,0.01,0.0,77.0,0.46,2.06,0.0,0.0,0.54,1.81,0.0,0.0,0.47,0.01,0.0,33.0,0.61,0.01,0.0,23.0,0.53,2.29,0.0,4.0,,0.01,0.0,25.0,0.68,2.54,0.0,0.0,,0.01,0.0,1.0,0.76,5.31,0.0,0.0,1.84,5.21,0.0,0.0,1.78,5.11,0.0,0.0,1.73,5.01,0.0,0.0,1.68,4.91,0.0,0.0,1.63,4.81,0.0,0.0,1.58,4.71,0.0,0.0,1.53,4.61,0.0,0.0,1.48,4.51,0.0,0.0,1.44,4.41,0.0,0.0,1.39,4.31,0.0,0.0,1.35,4.04,0.0,0.0,,3.79,0.0,0.0,,3.54,0.0,0.0,,3.29,0.0,0.0,,3.04,0.0,0.0,,2.79,0.0,0.0,,0.01,0.0,0.0,1.17,0.01,0.0,0.0,1.22,0.01,0.0,0.0,1.27,0.01,0.0,0.0,1.31,0.01,0.0,0.0,1.81,0.01,0.0,0.0,1.76,0.01,0.0,0.0,1.71,0.01,0.0,0.0,1.67,0.01,0.0,0.0,1.62,0.01,0.0,0.0,1.57,0.01,0.0,0.0,1.53,0.01,0.0,0.0,1.49,0.01,0.0,0.0,1.44,0.01,0.0,0.0,1.4,0.01,0.0,0.0,1.36,0.01,0.0,0.0,1.26,0.01,0.0,0.0,1.17,0.01,0.0,0.0,1.08,0.01,0.0,0.0,0.99,0.01,0.0,0.0,0.91,0.01,0.0,0.0,0.83,7.23,0.0,0.0,1.41,7.73,0.0,0.0,1.47,8.23,0.0,0.0,1.53,8.73,0.0,0.0,1.59
2023-11-15 16:00:00,9.69,1.46,0,0,0.4,1.21,0,30,0.33,0.98,0,121,0.37,0.73,77,294,0.29,0.55,52,237,0.35,0.38,175,482,0.35,0.25,316,664,0.35,0.15,413,1302,0.35,0.05,76,417,0.36,0.02,32,171,0.4,0.01,0,527,0.45,0.01,0,325,0.54,0.01,0,40,0.62,0.01,0,57,0.7,0.01,0,24,0.78,0.01,0,49,0.85,0.01,0,31,0.92,0.01,0,32,0.98,0.01,0,0,1.05,0.01,0,275,0.45,0.01,3,375,0.38,0.03,30,659,0.39,0.05,49,1085,0.36,0.1,186,549,0.36,0.19,243,597,0.37,0.31,10,817,0.37,0.46,0,216,0.37,0.87,3,64,0.41,1.35,0,5,0.51,1.85,0,0,0.64,2.35,0,200,0.75,2.86,0,0,0.89,3.36,0,0,0.99,3.86,0,0,1.09,4.36,0,0,1.18,4.86,0,0,1.27,5.36,0,0,1.35,5.86,0,0,1.42,0.01,0.0,0.0,1.11,6.36,0.0,0.0,1.5,1.71,0.0,0.0,0.47,0.01,0.0,254.0,0.52,1.95,0.0,0.0,,0.01,0.0,77.0,0.59,2.45,0.0,0.0,,2.2,0.0,0.0,,0.01,0.0,33.0,0.74,0.01,0.0,23.0,0.66,2.7,0.0,3.0,,0.01,0.0,25.0,0.82,2.95,0.0,0.0,,0.01,0.0,1.0,0.89,5.7,0.0,0.0,1.71,5.6,0.0,0.0,1.66,5.5,0.0,0.0,1.6,5.4,0.0,0.0,1.54,5.3,0.0,0.0,1.49,5.2,0.0,0.0,1.43,5.1,0.0,0.0,1.38,5.0,0.0,0.0,1.33,4.9,0.0,0.0,1.27,4.8,0.0,0.0,1.22,4.7,0.0,0.0,1.17,4.45,0.0,0.0,1.02,4.2,0.0,0.0,,3.95,0.0,0.0,,3.7,0.0,0.0,,3.45,0.0,0.0,,3.2,0.0,0.0,,0.01,0.0,0.0,1.16,0.01,0.0,0.0,1.22,0.01,0.0,0.0,1.27,0.01,0.0,0.0,1.32,0.01,0.0,0.0,2.01,0.01,0.0,0.0,1.96,0.01,0.0,0.0,1.91,0.01,0.0,0.0,1.86,0.01,0.0,0.0,1.81,0.01,0.0,0.0,1.76,0.01,0.0,0.0,1.72,0.01,0.0,0.0,1.67,0.01,0.0,0.0,1.63,0.01,0.0,0.0,1.58,0.01,0.0,0.0,1.54,0.01,0.0,0.0,1.43,0.01,0.0,0.0,1.33,0.01,0.0,0.0,1.24,0.01,0.0,0.0,1.15,0.01,0.0,0.0,1.06,0.01,0.0,0.0,0.98,6.86,0.0,0.0,1.57,7.36,0.0,0.0,1.64,7.86,0.0,0.0,1.71,8.36,0.0,0.0,1.77
2023-11-16 16:00:00,9.55,1.34,0,0,0.52,1.1,0,30,0.47,0.87,0,121,0.44,0.64,0,294,0.38,0.44,30,227,0.35,0.29,28,478,0.35,0.18,160,809,0.36,0.1,241,1426,0.35,0.03,95,477,0.37,0.01,0,171,0.4,0.01,0,527,0.5,0.01,0,325,0.59,0.01,0,40,0.68,0.01,0,57,0.76,0.01,0,24,0.84,0.01,0,49,0.92,0.01,0,31,0.99,0.01,0,32,1.05,0.01,0,0,1.12,0.01,0,275,0.43,0.02,1,376,0.41,0.03,5,664,0.36,0.07,32,1065,0.37,0.14,34,581,0.37,0.24,28,618,0.37,0.38,15,802,0.38,0.55,32,248,0.37,0.96,0,64,0.33,1.45,0,5,,1.95,0,0,,2.45,0,200,,2.96,0,0,0.77,3.46,0,0,0.86,3.96,0,0,0.94,4.46,0,0,1.02,4.96,0,0,1.1,5.46,0,0,1.18,5.96,0,0,1.25,0.01,0.0,0.0,1.18,6.46,0.0,0.0,1.32,1.56,0.0,0.0,,0.01,0.0,254.0,0.5,1.81,0.0,0.0,,0.01,0.0,77.0,0.58,2.3,0.0,0.0,,2.06,0.0,0.0,,0.01,0.0,33.0,0.73,0.01,0.0,23.0,0.65,2.55,0.0,3.0,,0.01,0.0,25.0,0.82,2.8,0.0,0.0,,0.01,0.0,1.0,0.9,5.55,0.0,0.0,,5.45,0.0,0.0,,5.35,0.0,0.0,,5.25,0.0,0.0,,5.15,0.0,0.0,,5.05,0.0,0.0,,4.95,0.0,0.0,,4.86,0.0,0.0,1.4,4.76,0.0,0.0,1.35,4.66,0.0,0.0,1.3,4.56,0.0,0.0,1.25,4.3,0.0,0.0,,4.05,0.0,0.0,,3.8,0.0,0.0,,3.55,0.0,0.0,,3.3,0.0,0.0,,3.05,0.0,0.0,,0.01,0.0,0.0,1.24,0.01,0.0,0.0,1.3,0.01,0.0,0.0,1.35,0.01,0.0,0.0,1.4,0.01,0.0,0.0,2.06,0.01,0.0,0.0,2.0,0.01,0.0,0.0,1.95,0.01,0.0,0.0,1.9,0.01,0.0,0.0,1.85,0.01,0.0,0.0,1.8,0.01,0.0,0.0,1.75,0.01,0.0,0.0,1.71,0.01,0.0,0.0,1.66,0.01,0.0,0.0,1.61,0.01,0.0,0.0,1.57,0.01,0.0,0.0,1.46,0.01,0.0,0.0,1.35,0.01,0.0,0.0,1.25,0.01,0.0,0.0,1.16,0.01,0.0,0.0,1.07,0.01,0.0,0.0,0.98,6.96,0.0,0.0,1.38,7.46,0.0,0.0,1.44,7.96,0.0,0.0,1.51,8.46,0.0,0.0,1.57
2023-11-17 16:00:00,9.55,1.32,0,0,0.42,1.08,0,30,0.41,0.86,0,121,0.43,0.64,30,277,0.4,0.44,60,227,0.37,0.29,37,504,0.37,0.17,80,835,0.36,0.1,101,1449,0.37,0.03,15,492,0.38,0.01,0,171,0.41,0.01,0,527,0.52,0.01,0,325,0.62,0.01,0,40,0.71,0.01,0,57,0.8,0.01,0,24,0.88,0.01,0,49,0.95,0.01,0,31,1.03,0.01,0,32,1.1,0.01,0,0,1.16,0.01,0,275,0.45,0.01,1,376,0.37,0.03,30,664,0.38,0.06,5,1065,0.36,0.12,21,592,0.36,0.21,15,618,0.34,0.35,0,802,0.35,0.52,45,233,0.33,0.97,0,64,0.38,1.45,0,5,,1.95,0,0,,2.45,0,200,,2.96,0,0,0.79,3.46,0,0,0.89,3.96,0,0,0.98,4.46,0,0,1.06,4.96,0,0,1.14,5.46,0,0,1.22,5.96,0,0,1.29,0.01,0.0,0.0,1.23,6.46,0.0,0.0,1.36,1.56,0.0,0.0,,0.01,1.0,254.0,0.52,1.84,0.0,0.0,0.73,0.01,0.0,77.0,0.6,2.32,0.0,0.0,0.75,2.09,0.0,0.0,0.82,0.01,0.0,33.0,0.76,0.01,0.0,23.0,0.68,2.56,0.0,3.0,,0.01,0.0,25.0,0.85,2.81,0.0,0.0,,0.01,0.0,1.0,0.93,5.57,0.0,0.0,2.23,5.47,0.0,0.0,2.17,5.37,0.0,0.0,2.11,5.27,0.0,0.0,2.05,5.17,0.0,0.0,1.99,5.07,0.0,0.0,1.93,4.97,0.0,0.0,1.88,4.87,0.0,0.0,1.82,4.77,0.0,0.0,1.77,4.67,0.0,0.0,1.72,4.57,0.0,0.0,1.67,4.32,0.0,0.0,1.55,4.07,0.0,0.0,1.43,3.82,0.0,0.0,1.32,3.57,0.0,0.0,1.22,3.31,0.0,0.0,0.74,3.06,0.0,0.0,,0.01,0.0,0.0,1.29,0.01,0.0,0.0,1.35,0.01,0.0,0.0,1.41,0.01,0.0,0.0,1.46,0.01,0.0,0.0,2.14,0.01,0.0,0.0,2.08,0.01,0.0,0.0,2.03,0.01,0.0,0.0,1.98,0.01,0.0,0.0,1.93,0.01,0.0,0.0,1.88,0.01,0.0,0.0,1.83,0.01,0.0,0.0,1.78,0.01,0.0,0.0,1.73,0.01,0.0,0.0,1.68,0.01,0.0,0.0,1.63,0.01,0.0,0.0,1.52,0.01,0.0,0.0,1.41,0.01,0.0,0.0,1.31,0.01,0.0,0.0,1.21,0.01,0.0,0.0,1.11,0.01,0.0,0.0,1.02,6.95,0.0,0.0,,7.45,0.0,0.0,,7.95,0.0,0.0,,8.45,0.0,0.0,
2023-11-20 16:00:00,9.56,1.33,0,0,0.52,1.08,0,30,0.43,0.86,0,121,0.48,0.6,30,295,0.33,0.41,30,251,0.36,0.26,43,507,0.37,0.15,347,1094,0.37,0.08,71,1498,0.38,0.02,21,492,0.4,0.01,0,171,0.48,0.01,0,527,0.6,0.01,0,325,0.71,0.01,0,40,0.82,0.01,0,57,0.92,0.01,0,24,1.01,0.01,0,49,1.1,0.01,0,31,1.18,0.01,0,32,1.27,0.01,0,0,1.34,0.01,0,275,0.52,0.01,0,376,0.43,0.02,4,660,0.4,0.05,7,1065,0.39,0.11,76,575,0.4,0.2,290,907,0.39,0.34,19,820,0.39,0.53,63,296,0.42,0.95,2,64,0.38,1.47,2,5,0.64,1.97,0,0,0.78,2.47,0,200,0.92,2.96,0,0,0.98,3.46,0,0,1.09,3.97,0,0,1.27,4.47,0,0,1.38,4.97,0,0,1.48,5.47,0,0,1.57,5.97,0,0,1.66,0.01,0.0,0.0,1.42,6.47,0.0,0.0,1.75,1.57,0.0,0.0,0.42,0.01,2.0,254.0,0.61,1.82,0.0,0.0,0.51,0.01,0.0,77.0,0.7,2.31,0.0,0.0,,2.06,0.0,0.0,,0.01,0.0,33.0,0.89,0.01,0.0,23.0,0.79,2.56,0.0,3.0,,0.01,0.0,25.0,0.98,2.81,0.0,0.0,,0.01,0.0,1.0,1.08,5.58,0.0,0.0,2.62,5.48,0.0,0.0,2.54,5.38,0.0,0.0,2.48,5.28,0.0,0.0,2.41,5.18,0.0,0.0,2.34,5.08,0.0,0.0,2.28,4.98,0.0,0.0,2.21,4.88,0.0,0.0,2.15,4.78,0.0,0.0,2.09,4.68,0.0,0.0,2.03,4.58,0.0,0.0,1.97,4.32,0.0,0.0,1.55,4.07,0.0,0.0,1.42,3.82,0.0,0.0,1.3,3.57,0.0,0.0,1.19,3.32,0.0,0.0,1.08,3.06,0.0,0.0,,0.01,0.0,0.0,1.49,0.01,0.0,0.0,1.56,0.01,0.0,0.0,1.62,0.01,0.0,0.0,1.69,0.01,0.0,0.0,2.47,0.01,0.0,0.0,2.41,0.01,0.0,0.0,2.35,0.01,0.0,0.0,2.29,0.01,0.0,0.0,2.23,0.01,0.0,0.0,2.17,0.01,0.0,0.0,2.11,0.01,0.0,0.0,2.05,0.01,0.0,0.0,2.0,0.01,0.0,0.0,1.94,0.01,0.0,0.0,1.89,0.01,0.0,0.0,1.75,0.01,0.0,0.0,1.63,0.01,0.0,0.0,1.51,0.01,0.0,0.0,1.4,0.01,0.0,0.0,1.29,0.01,0.0,0.0,1.18,6.97,0.0,0.0,1.83,7.49,0.0,0.0,2.06,7.99,0.0,0.0,2.14,8.49,0.0,0.0,2.22
2023-11-21 16:00:00,9.45,1.21,0,0,0.38,0.97,0,30,0.43,0.74,0,121,0.43,0.5,0,295,0.34,0.33,172,307,0.37,0.18,113,537,0.35,0.09,81,1072,0.35,0.05,92,1544,0.38,0.01,173,582,0.4,0.01,125,246,0.54,0.01,0,527,0.67,0.01,0,325,0.79,0.01,0,40,0.9,0.01,0,57,1.01,0.01,0,24,1.1,0.01,0,49,1.2,0.01,0,31,1.29,0.01,0,32,1.37,0.01,0,0,1.46,0.01,0,275,0.51,0.01,0,376,0.42,0.02,1,660,0.38,0.06,2,1063,0.39,0.12,111,544,0.37,0.24,48,948,0.39,0.4,133,938,0.39,0.6,75,371,0.41,1.05,0,64,,1.56,0,3,0.59,2.06,0,0,0.73,2.55,0,200,,3.06,0,0,0.98,3.56,0,0,1.09,4.06,0,0,1.2,4.56,0,0,1.3,5.06,0,0,1.39,5.56,0,0,1.48,6.06,0,0,1.57,0.01,0.0,0.0,1.53,6.56,0.0,0.0,1.66,1.46,0.0,0.0,0.47,0.01,0.0,254.0,0.61,1.71,0.0,0.0,0.56,0.01,0.0,77.0,0.71,2.2,0.0,0.0,,1.98,0.0,0.0,0.93,0.01,0.0,33.0,0.91,0.01,0.0,23.0,0.8,2.45,0.0,3.0,,0.01,0.0,25.0,1.01,2.7,0.0,0.0,,0.01,0.0,1.0,1.12,5.45,0.0,0.0,,5.35,0.0,0.0,,5.25,0.0,0.0,,5.15,0.0,0.0,,5.05,0.0,0.0,,4.95,0.0,0.0,,4.85,0.0,0.0,,4.75,0.0,0.0,,4.65,0.0,0.0,,4.55,0.0,0.0,,4.45,0.0,0.0,,4.2,0.0,0.0,,3.95,0.0,0.0,,3.7,0.0,0.0,,3.45,0.0,0.0,,3.2,0.0,0.0,,2.95,0.0,0.0,,0.01,0.0,0.0,1.61,0.01,0.0,0.0,1.68,0.01,0.0,0.0,1.75,0.01,0.0,0.0,1.82,0.01,0.0,0.0,2.6,0.01,0.0,0.0,2.53,0.01,0.0,0.0,2.46,0.01,0.0,0.0,2.4,0.01,0.0,0.0,2.33,0.01,0.0,0.0,2.27,0.01,0.0,0.0,2.21,0.01,0.0,0.0,2.15,0.01,0.0,0.0,2.09,0.01,0.0,0.0,2.03,0.01,0.0,0.0,1.97,0.01,0.0,0.0,1.83,0.01,0.0,0.0,1.7,0.01,0.0,0.0,1.57,0.01,0.0,0.0,1.45,0.01,0.0,0.0,1.33,0.01,0.0,0.0,1.22,7.06,0.0,0.0,1.74,7.56,0.0,0.0,1.82,8.06,0.0,0.0,1.9,8.56,0.0,0.0,1.98
2023-11-22 16:00:00,9.34,1.1,0,0,0.41,0.86,0,30,0.42,0.63,0,121,0.41,0.41,0,295,0.36,0.24,15,307,0.36,0.11,314,629,0.33,0.05,139,1070,0.35,0.02,221,1484,0.36,0.01,0,582,0.47,0.01,1,246,0.62,0.01,0,527,0.75,0.01,0,325,0.88,0.01,0,40,1.0,0.01,0,57,1.11,0.01,0,24,1.22,0.01,0,49,1.32,0.01,0,31,1.41,0.01,0,32,1.5,0.01,0,0,1.59,0.01,0,275,0.51,0.01,90,415,0.41,0.02,0,660,0.36,0.06,159,1006,0.36,0.13,79,554,0.34,0.26,65,979,0.33,0.45,0,938,0.34,0.68,0,371,0.38,1.16,0,51,,1.66,1,1,,2.17,0,0,0.82,2.68,0,0,1.04,3.18,0,0,1.18,3.68,0,0,1.31,4.18,0,0,1.42,4.68,0,0,1.53,5.18,0,0,1.64,5.68,0,0,1.75,6.18,0,0,1.85,0.01,0.0,0.0,1.67,6.68,0.0,0.0,1.94,1.35,0.0,0.0,0.5,0.01,0.0,254.0,0.62,1.6,0.0,0.0,0.59,0.01,0.0,77.0,0.72,2.1,0.0,0.0,0.79,1.85,0.0,0.0,0.69,0.01,0.0,33.0,0.93,0.01,0.0,23.0,0.82,2.35,0.0,3.0,0.9,0.01,0.0,25.0,1.05,2.6,0.0,0.0,1.01,0.01,0.0,1.0,1.16,5.34,0.0,0.0,,5.24,0.0,0.0,,5.14,0.0,0.0,,5.04,0.0,0.0,,4.95,0.0,0.0,2.29,4.85,0.0,0.0,2.22,4.74,0.0,0.0,,4.64,0.0,0.0,,4.54,0.0,0.0,,4.44,0.0,0.0,,4.34,0.0,0.0,,4.09,0.0,0.0,,3.85,0.0,0.0,1.62,3.6,0.0,0.0,1.49,3.35,0.0,0.0,1.36,3.1,0.0,0.0,1.24,2.85,0.0,0.0,1.12,0.01,0.0,0.0,1.75,0.01,0.0,0.0,1.83,0.01,0.0,0.0,1.91,0.01,0.0,0.0,1.98,0.01,0.0,0.0,2.75,0.01,0.0,0.0,2.67,0.01,0.0,0.0,2.6,0.01,0.0,0.0,2.53,0.01,0.0,0.0,2.46,0.01,0.0,0.0,2.4,0.01,0.0,0.0,2.33,0.01,0.0,0.0,2.26,0.01,0.0,0.0,2.2,0.01,0.0,0.0,2.14,0.01,0.0,0.0,2.07,0.01,0.0,0.0,1.92,0.01,0.0,0.0,1.78,0.01,0.0,0.0,1.65,0.01,0.0,0.0,1.52,0.01,0.0,0.0,1.39,0.01,0.0,0.0,1.27,7.18,0.0,0.0,2.03,7.68,0.0,0.0,2.12,8.18,0.0,0.0,2.2,8.68,0.0,0.0,2.28
2023-11-23 16:00:00,9.53,1.29,0,0,0.53,1.04,0,30,0.43,0.79,0,121,0.33,0.54,0,295,0.23,0.34,35,327,0.32,0.17,243,714,0.3,0.07,11,1063,0.31,0.03,160,1400,0.34,0.01,1,581,0.43,0.01,0,246,0.6,0.01,0,527,0.75,0.01,0,325,0.89,0.01,0,40,1.01,0.01,0,57,1.14,0.01,0,24,1.25,0.01,0,49,1.36,0.01,0,31,1.46,0.01,0,32,1.56,0.01,0,0,1.66,0.01,0,275,0.62,0.01,0,415,0.51,0.01,103,643,0.4,0.02,91,975,0.35,0.06,78,554,0.34,0.15,3,979,0.34,0.3,0,938,0.34,0.51,5,371,0.39,1.0,2,51,0.58,1.51,0,1,0.83,1.99,0,0,0.89,2.5,0,0,1.12,3.0,0,0,1.27,3.5,0,0,1.41,4.0,0,0,1.55,4.5,0,0,1.68,5.0,0,0,1.8,5.5,0,0,1.91,6.0,0,0,2.02,0.01,0.0,0.0,1.75,6.5,0.0,0.0,2.12,1.54,0.0,0.0,0.63,0.01,0.0,254.0,0.73,1.79,0.0,0.0,0.73,0.01,0.0,77.0,0.84,2.29,0.0,0.0,0.95,2.04,0.0,0.0,0.84,0.01,0.0,33.0,1.07,0.01,0.0,23.0,0.96,2.54,0.0,3.0,1.06,0.01,0.0,25.0,1.2,2.79,0.0,0.0,1.18,0.01,0.0,1.0,1.31,5.53,0.0,0.0,,5.43,0.0,0.0,,5.33,0.0,0.0,,5.23,0.0,0.0,,5.13,0.0,0.0,,5.03,0.0,0.0,,4.93,0.0,0.0,,4.83,0.0,0.0,,4.73,0.0,0.0,,4.63,0.0,0.0,,4.53,0.0,0.0,,4.28,0.0,0.0,,4.03,0.0,0.0,,3.78,0.0,0.0,,3.53,0.0,0.0,,3.28,0.0,0.0,,3.04,0.0,0.0,1.3,0.01,0.0,0.0,1.83,0.01,0.0,0.0,1.92,0.01,0.0,0.0,2.0,0.01,0.0,0.0,2.08,0.01,0.0,0.0,3.02,0.01,0.0,0.0,2.94,0.01,0.0,0.0,2.86,0.01,0.0,0.0,2.79,0.01,0.0,0.0,2.72,0.01,0.0,0.0,2.65,0.01,0.0,0.0,2.58,0.01,0.0,0.0,2.5,0.01,0.0,0.0,2.44,0.01,0.0,0.0,2.37,0.01,0.0,0.0,2.3,0.01,0.0,0.0,2.14,0.01,0.0,0.0,1.99,0.01,0.0,0.0,1.84,0.01,0.0,0.0,1.7,0.01,0.0,0.0,1.57,0.01,0.0,0.0,1.44,7.0,0.0,0.0,2.22,7.5,0.0,0.0,2.32,8.0,0.0,0.0,2.42,8.5,0.0,0.0,2.51
2023-11-24 16:00:00,9.17,0.95,0,0,0.65,0.7,1,30,0.5,0.46,0,121,0.4,0.26,0,295,0.36,0.12,52,345,0.35,0.04,212,832,0.34,0.02,274,1146,0.39,0.01,37,1393,0.44,0.01,0,581,0.63,0.01,0,246,0.8,0.01,0,527,0.96,0.01,0,325,1.11,0.01,0,40,1.25,0.01,0,57,1.38,0.01,0,24,1.5,0.01,0,49,1.62,0.01,0,31,1.74,0.01,0,32,1.84,0.01,0,0,1.95,0.01,0,275,0.53,0.01,0,415,0.41,0.03,178,673,0.38,0.07,613,946,0.33,0.18,837,668,0.32,0.36,24,978,0.32,0.59,0,938,0.36,0.83,0,371,,1.33,11,51,,1.83,0,1,,2.33,0,0,,2.83,0,0,,3.33,0,0,,3.83,0,0,,4.33,0,0,,4.83,0,0,,5.33,0,0,,5.83,0,0,,6.33,0,0,,0.01,0.0,0.0,2.04,6.83,0.0,0.0,,1.21,0.0,0.0,0.86,0.01,0.0,254.0,0.66,1.46,0.0,0.0,1.01,0.01,0.0,77.0,0.78,1.98,0.0,0.0,1.47,1.67,0.0,0.0,,0.01,0.0,33.0,1.04,0.01,0.0,23.0,0.91,2.23,0.0,3.0,1.64,0.01,0.0,25.0,1.17,2.48,0.0,0.0,1.81,0.01,0.0,1.0,1.31,5.23,0.0,0.0,4.24,5.13,0.0,0.0,4.12,5.03,0.0,0.0,4.01,4.93,0.0,0.0,3.9,4.83,0.0,0.0,3.8,4.73,0.0,0.0,3.7,4.63,0.0,0.0,3.59,4.53,0.0,0.0,3.5,4.43,0.0,0.0,3.4,4.33,0.0,0.0,3.3,4.23,0.0,0.0,3.21,3.98,0.0,0.0,2.99,3.73,0.0,0.0,2.77,3.48,0.0,0.0,2.57,3.23,0.0,0.0,2.37,2.98,0.0,0.0,2.18,2.73,0.0,0.0,1.99,0.01,0.0,0.0,2.14,0.01,0.0,0.0,2.23,0.01,0.0,0.0,2.32,0.01,0.0,0.0,2.4,0.01,0.0,0.0,3.19,0.01,0.0,0.0,3.11,0.01,0.0,0.0,3.02,0.01,0.0,0.0,2.94,0.01,0.0,0.0,2.86,0.01,0.0,0.0,2.77,0.01,0.0,0.0,2.69,0.01,0.0,0.0,2.62,0.01,0.0,0.0,2.54,0.01,0.0,0.0,2.47,0.01,0.0,0.0,2.39,0.01,0.0,0.0,2.22,0.01,0.0,0.0,2.05,0.01,0.0,0.0,1.89,0.01,0.0,0.0,1.73,0.01,0.0,0.0,1.59,0.01,0.0,0.0,1.45,7.33,0.0,0.0,,7.83,0.0,0.0,,8.33,0.0,0.0,,8.83,0.0,0.0,
2023-11-27 16:00:00,9.1,0.87,0,0,0.89,0.62,0,30,0.68,0.38,12,121,0.52,0.18,4,295,0.45,0.06,146,353,0.44,0.02,0,832,0.49,0.01,0,1146,0.58,0.01,1,1392,0.75,0.01,0,581,1.05,0.01,0,246,1.32,0.01,0,527,1.57,0.01,0,325,1.8,0.01,0,40,2.02,0.01,0,57,2.23,0.01,0,24,2.43,0.01,0,49,2.61,0.01,0,31,2.79,0.01,0,32,2.96,0.01,0,0,3.12,0.01,0,275,0.79,0.01,60,376,0.59,0.01,116,650,0.38,0.06,451,752,0.38,0.2,21,663,0.4,0.4,18,963,,0.65,3,935,,0.91,1,370,0.77,1.4,0,23,,1.9,0,1,,2.4,0,0,,2.9,0,0,,3.4,0,0,,3.9,0,0,,4.4,0,0,,4.9,0,0,,5.4,0,0,,5.9,0,0,,6.4,0,0,,0.01,0.0,0.0,3.28,6.9,0.0,0.0,,1.13,0.0,0.0,1.23,0.01,0.0,254.0,0.99,1.38,0.0,0.0,1.46,0.01,0.0,77.0,1.19,1.88,0.0,0.0,1.94,1.63,0.0,0.0,1.7,0.01,0.0,33.0,1.59,0.01,0.0,23.0,1.39,2.13,0.0,3.0,2.18,0.01,0.0,25.0,1.81,2.38,0.0,0.0,2.43,0.01,0.0,1.0,2.03,5.13,0.0,0.0,5.86,5.03,0.0,0.0,5.7,4.93,0.0,0.0,5.55,4.83,0.0,0.0,5.39,4.73,0.0,0.0,5.24,4.63,0.0,0.0,5.1,4.53,0.0,0.0,4.95,4.43,0.0,0.0,4.81,4.33,0.0,0.0,4.68,4.23,0.0,0.0,4.54,4.13,0.0,0.0,4.41,3.88,0.0,0.0,4.09,3.63,0.0,0.0,3.79,3.38,0.0,0.0,3.5,3.13,0.0,0.0,3.22,2.88,0.0,0.0,2.94,2.63,0.0,0.0,2.68,0.01,0.0,0.0,3.43,0.01,0.0,0.0,3.57,0.01,0.0,0.0,3.71,0.01,0.0,0.0,3.84,0.01,0.0,0.0,5.01,0.01,0.0,0.0,4.88,0.01,0.0,0.0,4.74,0.01,0.0,0.0,4.61,0.01,0.0,0.0,4.48,0.01,0.0,0.0,4.35,0.01,0.0,0.0,4.22,0.01,0.0,0.0,4.1,0.01,0.0,0.0,3.98,0.01,0.0,0.0,3.86,0.01,0.0,0.0,3.74,0.01,0.0,0.0,3.46,0.01,0.0,0.0,3.2,0.01,0.0,0.0,2.95,0.01,0.0,0.0,2.7,0.01,0.0,0.0,2.47,0.01,0.0,0.0,2.25,7.4,0.0,0.0,,7.9,0.0,0.0,,8.4,0.0,0.0,,8.9,0.0,0.0,
2023-11-28 16:00:00,9.05,0.83,0,0,1.37,0.56,0,30,0.76,0.31,0,121,0.47,0.11,50,295,0.43,0.02,83,370,0.44,0.01,4,831,0.63,0.01,0,1146,0.88,0.01,2,1390,1.11,0.01,0,581,1.53,0.01,0,246,1.92,0.01,0,527,2.27,0.01,0,325,2.6,0.01,0,40,2.91,0.01,0,57,3.2,0.01,0,24,3.48,0.01,0,49,3.74,0.01,0,31,3.99,0.01,0,32,4.23,0.01,0,0,4.46,0.01,0,275,1.07,0.01,0,376,0.78,0.01,121,737,0.48,0.05,165,786,0.38,0.21,29,658,0.36,0.45,121,899,,0.7,13,873,,0.95,11,367,,1.45,5,23,,1.95,0,1,,2.45,0,0,,2.95,0,0,,3.45,0,0,,3.95,0,0,,4.45,0,0,,4.95,0,0,,5.45,0,0,,5.95,0,0,,6.45,0,0,,0.01,0.0,0.0,4.68,6.95,0.0,0.0,,1.06,0.0,0.0,1.32,0.01,0.0,254.0,1.35,1.32,0.0,0.0,1.85,0.01,0.0,77.0,1.64,1.82,0.0,0.0,2.48,1.57,0.0,0.0,2.16,0.01,0.0,33.0,2.21,0.01,0.0,23.0,1.92,2.06,0.0,3.0,2.47,0.01,0.0,25.0,2.51,2.31,0.0,0.0,2.77,0.01,0.0,1.0,2.82,5.09,0.0,0.0,8.71,4.99,0.0,0.0,8.48,4.89,0.0,0.0,8.25,4.79,0.0,0.0,8.02,4.69,0.0,0.0,7.8,4.59,0.0,0.0,7.58,4.46,0.0,0.0,5.86,4.36,0.0,0.0,5.68,4.26,0.0,0.0,5.52,4.16,0.0,0.0,5.35,4.06,0.0,0.0,5.19,3.81,0.0,0.0,4.8,3.56,0.0,0.0,4.43,3.31,0.0,0.0,4.07,3.06,0.0,0.0,3.73,2.81,0.0,0.0,3.4,2.56,0.0,0.0,3.08,0.01,0.0,0.0,4.89,0.01,0.0,0.0,5.09,0.01,0.0,0.0,5.29,0.01,0.0,0.0,5.48,0.01,0.0,0.0,7.06,0.01,0.0,0.0,6.86,0.01,0.0,0.0,6.67,0.01,0.0,0.0,6.48,0.01,0.0,0.0,6.29,0.01,0.0,0.0,6.11,0.01,0.0,0.0,5.93,0.01,0.0,0.0,5.76,0.01,0.0,0.0,5.58,0.01,0.0,0.0,5.42,0.01,0.0,0.0,5.25,0.01,0.0,0.0,4.86,0.01,0.0,0.0,4.48,0.01,0.0,0.0,4.13,0.01,0.0,0.0,3.78,0.01,0.0,0.0,3.45,0.01,0.0,0.0,3.14,7.45,0.0,0.0,,7.95,0.0,0.0,,8.45,0.0,0.0,,8.95,0.0,0.0,
2023-11-29 16:00:00,8.76,0.51,0,0,,0.26,54,0,,0.01,0,8,,0.00,65,280,,0.00,1,369,,0.00,0,831,,0.00,0,1146,,0.00,0,1390,,0.00,0,581,,0.00,0,246,,0.00,0,527,,0.00,0,325,,0.00,0,40,,0.00,0,57,,0.00,0,24,,0.00,0,49,,0.00,0,31,,0.00,0,32,,0.00,0,0,,0.00,0,275,,0.00,3,373,,0.00,391,704,,0.24,222,0,,0.49,156,0,,0.74,6,0,,0.99,0,0,,1.24,4,0,,1.74,0,0,,2.24,1,0,,2.74,0,0,,3.24,0,0,,3.74,0,0,,4.24,0,0,,4.74,0,0,,5.24,0,0,,5.74,0,0,,6.24,0,0,,6.74,0,0,,0.00,0,0,,7.24,0,0,,0.76,0,0,,0.00,0,254,,1.01,0,0,,0.00,0,77,,1.51,0,0,,1.26,0,0,,0.00,0,33,,0.00,0,23,,1.76,0,0,,0.00,0,25,,2.01,0,0,,0.00,0,1,,4.76,0,0,,4.66,0,0,,4.56,0,0,,4.46,0,0,,4.36,0,0,,4.26,0,0,,4.16,0,0,,4.06,0,0,,3.96,0,0,,3.86,0,0,,3.76,0,0,,3.51,0,0,,3.26,0,0,,3.01,0,0,,2.76,0,0,,2.51,0,0,,2.26,0,0,,0.00,0,0,,0.00,0,0,,0.00,0,0,,0.00,0,0,,0.00,0,0,,0.00,0,0,,0.00,0,0,,0.00,0,0,,0.00,0,0,,0.00,0,0,,0.00,0,0,,0.00,0,0,,0.00,0,0,,0.00,0,0,,0.00,0,0,,0.00,0,0,,0.00,0,0,,0.00,0,0,,0.00,0,0,,0.00,0,0,,0.00,0,0,,7.74,0,0,,8.24,0,0,,8.74,0,0,,9.24,0,0,
