time,C,C,C,C,C,C,C,C,C,P,P,P,P,P,P,P,P,P,C,C,C,C,C,C,C,C,C,P,P,P,P,P,P,P,P,P,C,C,C,C,C,C,C,C,C,P,P,P,P,P,P,P,P,P,C,C,C,C,C,C,C,C,C,P,P,P,P,P,P,P,P,P,C,C,C,C,C,C,C,C,C,P,P,P,P,P,P,P,P,P,C,C,C,C,C,C,C,C,C,P,P,P,P,P,P,P,P,P,C,C,C,C,C,C,C,C,C,P,P,P,P,P,P,P,P,P,C,C,C,C,C,C,C,C,C,P,P,P,P,P,P,P,P,P,C,C,C,C,C,C,C,C,C,P,P,P,P,P,P,P,P,P,C,C,C,C,C,C,C,C,C,P,P,P,P,P,P,P,P,P,C,C,C,C,C,C,C,C,C,P,P,P,P,P,P,P,P,P,C,C,C,C,C,C,C,C,C,P,P,P,P,P,P,P,P,P,C,C,C,C,C,C,C,C,C,P,P,P,P,P,P,P,P,P,C,C,C,C,C,C,C,C,C,P,P,P,P,P,P,P,P,P,C,C,C,C,C,C,C,C,C,P,P,P,P,P,P,P,P,P,C,C,C,C,C,C,C,C,C,P,P,P,P,P,P,P,P,P,C,C,C,C,C,C,C,C,C,P,P,P,P,P,P,P,P,P,C,C,C,C,C,C,C,C,C,P,P,P,P,P,P,P,P,P,C,C,C,C,C,C,C,C,C,P,P,P,P,P,P,P,P,P,C,C,C,C,C,C,C,C,C,P,P,P,P,P,P,P,P,P,C,C,C,C,C,C,C,C,C,P,P,P,P,P,P,P,P,P,C,C,C,C,C,C,C,C,C,P,P,P,P,P,P,P,P,P,C,C,C,C,C,C,C,C,C,P,P,P,P,P,P,P,P,P,C,C,C,C,C,C,C,C,C,P,P,P,P,P,P,P,P,P,C,C,C,C,C,C,C,C,C,P,P,P,P,P,P,P,P,P,C,C,C,C,C,C,C,C,C,P,P,P,P,P,P,P,P,P,C,C,C,C,C,C,C,C,C,P,P,P,P,P,P,P,P,P,C,C,C,C,C,C,C,C,C,P,P,P,P,P,P,P,P,P,C,C,C,C,C,C,C,C,C,P,P,P,P,P,P,P,P,P,C,C,C,C,C,C,C,C,C,P,P,P,P,P,P,P,P,P,C,C,C,C,C,C,C,C,C,P,P,P,P,P,P,P,P,P,C,C,C,C,C,C,C,C,C,P,P,P,P,P,P,P,P,P,C,C,C,C,C,C,C,C,C,P,P,P,P,P,P,P,P,P,C,C,C,C,C,C,C,C,C,P,P,P,P,P,P,P,P,P,C,C,C,C,C,C,C,C,C,P,P,P,P,P,P,P,P,P,C,C,C,C,C,C,C,C,C,P,P,P,P,P,P,P,P,P,C,C,C,C,C,C,C,C,C,P,P,P,P,P,P,P,P,P,C,C,C,C,C,C,C,C,C,P,P,P,P,P,P,P,P,P,C,C,C,C,C,C,C,C,C,P,P,P,P,P,P,P,P,P,C,C,C,C,C,C,C,C,C,P,P,P,P,P,P,P,P,P,C,C,C,C,C,C,C,C,C,P,P,P,P,P,P,P,P,P
time,170.00,170.00,170.00,170.00,170.00,170.00,170.00,170.00,170.00,170.00,170.00,170.00,170.00,170.00,170.00,170.00,170.00,170.00,177.00,177.00,177.00,177.00,177.00,177.00,177.00,177.00,177.00,177.00,177.00,177.00,177.00,177.00,177.00,177.00,177.00,177.00,178.00,178.00,178.00,178.00,178.00,178.00,178.00,178.00,178.00,178.00,178.00,178.00,178.00,178.00,178.00,178.00,178.00,178.00,179.00,179.00,179.00,179.00,179.00,179.00,179.00,179.00,179.00,179.00,179.00,179.00,179.00,179.00,179.00,179.00,179.00,179.00,180.00,180.00,180.00,180.00,180.00,180.00,180.00,180.00,180.00,180.00,180.00,180.00,180.00,180.00,180.00,180.00,180.00,180.00,181.00,181.00,181.00,181.00,181.00,181.00,181.00,181.00,181.00,181.00,181.00,181.00,181.00,181.00,181.00,181.00,181.00,181.00,182.00,182.00,182.00,182.00,182.00,182.00,182.00,182.00,182.00,182.00,182.00,182.00,182.00,182.00,182.00,182.00,182.00,182.00,183.00,183.00,183.00,183.00,183.00,183.00,183.00,183.00,183.00,183.00,183.00,183.00,183.00,183.00,183.00,183.00,183.00,183.00,184.00,184.00,184.00,184.00,184.00,184.00,184.00,184.00,184.00,184.00,184.00,184.00,184.00,184.00,184.00,184.00,184.00,184.00,185.00,185.00,185.00,185.00,185.00,185.00,185.00,185.00,185.00,185.00,185.00,185.00,185.00,185.00,185.00,185.00,185.00,185.00,186.00,186.00,186.00,186.00,186.00,186.00,186.00,186.00,186.00,186.00,186.00,186.00,186.00,186.00,186.00,186.00,186.00,186.00,187.00,187.00,187.00,187.00,187.00,187.00,187.00,187.00,187.00,187.00,187.00,187.00,187.00,187.00,187.00,187.00,187.00,187.00,188.00,188.00,188.00,188.00,188.00,188.00,188.00,188.00,188.00,188.00,188.00,188.00,188.00,188.00,188.00,188.00,188.00,188.00,189.00,189.00,189.00,189.00,189.00,189.00,189.00,189.00,189.00,189.00,189.00,189.00,189.00,189.00,189.00,189.00,189.00,189.00,190.00,190.00,190.00,190.00,190.00,190.00,190.00,190.00,190.00,190.00,190.00,190.00,190.00,190.00,190.00,190.00,190.00,190.00,191.00,191.00,191.00,191.00,191.00,191.00,191.00,191.00,191.00,191.00,191.00,191.00,191.00,191.00,191.00,191.00,191.00,191.00,192.00,192.00,192.00,192.00,192.00,192.00,192.00,192.00,192.00,192.00,192.00,192.00,192.00,192.00,192.00,192.00,192.00,192.00,193.00,193.00,193.00,193.00,193.00,193.00,193.00,193.00,193.00,193.00,193.00,193.00,193.00,193.00,193.00,193.00,193.00,193.00,194.00,194.00,194.00,194.00,194.00,194.00,194.00,194.00,194.00,194.00,194.00,194.00,194.00,194.00,194.00,194.00,194.00,194.00,195.00,195.00,195.00,195.00,195.00,195.00,195.00,195.00,195.00,195.00,195.00,195.00,195.00,195.00,195.00,195.00,195.00,195.00,196.00,196.00,196.00,196.00,196.00,196.00,196.00,196.00,196.00,196.00,196.00,196.00,196.00,196.00,196.00,196.00,196.00,196.00,197.00,197.00,197.00,197.00,197.00,197.00,197.00,197.00,197.00,197.00,197.00,197.00,197.00,197.00,197.00,197.00,197.00,197.00,200.00,200.00,200.00,200.00,200.00,200.00,200.00,200.00,200.00,200.00,200.00,200.00,200.00,200.00,200.00,200.00,200.00,200.00,168.00,168.00,168.00,168.00,168.00,168.00,168.00,168.00,168.00,168.00,168.00,168.00,168.00,168.00,168.00,168.00,168.00,168.00,172.00,172.00,172.00,172.00,172.00,172.00,172.00,172.00,172.00,172.00,172.00,172.00,172.00,172.00,172.00,172.00,172.00,172.00,174.00,174.00,174.00,174.00,174.00,174.00,174.00,174.00,174.00,174.00,174.00,174.00,174.00,174.00,174.00,174.00,174.00,174.00,176.00,176.00,176.00,176.00,176.00,176.00,176.00,176.00,176.00,176.00,176.00,176.00,176.00,176.00,176.00,176.00,176.00,176.00,198.00,198.00,198.00,198.00,198.00,198.00,198.00,198.00,198.00,198.00,198.00,198.00,198.00,198.00,198.00,198.00,198.00,198.00,202.00,202.00,202.00,202.00,202.00,202.00,202.00,202.00,202.00,202.00,202.00,202.00,202.00,202.00,202.00,202.00,202.00,202.00,204.00,204.00,204.00,204.00,204.00,204.00,204.00,204.00,204.00,204.00,204.00,204.00,204.00,204.00,204.00,204.00,204.00,204.00,167.00,167.00,167.00,167.00,167.00,167.00,167.00,167.00,167.00,167.00,167.00,167.00,167.00,167.00,167.00,167.00,167.00,167.00,169.00,169.00,169.00,169.00,169.00,169.00,169.00,169.00,169.00,169.00,169.00,169.00,169.00,169.00,169.00,169.00,169.00,169.00,171.00,171.00,171.00,171.00,171.00,171.00,171.00,171.00,171.00,171.00,171.00,171.00,171.00,171.00,171.00,171.00,171.00,171.00,173.00,173.00,173.00,173.00,173.00,173.00,173.00,173.00,173.00,173.00,173.00,173.00,173.00,173.00,173.00,173.00,173.00,173.00,175.00,175.00,175.00,175.00,175.00,175.00,175.00,175.00,175.00,175.00,175.00,175.00,175.00,175.00,175.00,175.00,175.00,175.00,199.00,199.00,199.00,199.00,199.00,199.00,199.00,199.00,199.00,199.00,199.00,199.00,199.00,199.00,199.00,199.00,199.00,199.00,201.00,201.00,201.00,201.00,201.00,201.00,201.00,201.00,201.00,201.00,201.00,201.00,201.00,201.00,201.00,201.00,201.00,201.00,203.00,203.00,203.00,203.00,203.00,203.00,203.00,203.00,203.00,203.00,203.00,203.00,203.00,203.00,203.00,203.00,203.00,203.00,166.00,166.00,166.00,166.00,166.00,166.00,166.00,166.00,166.00,166.00,166.00,166.00,166.00,166.00,166.00,166.00,166.00,166.00,165.00,165.00,165.00,165.00,165.00,165.00,165.00,165.00,165.00,165.00,165.00,165.00,165.00,165.00,165.00,165.00,165.00,165.00,164.00,164.00,164.00,164.00,164.00,164.00,164.00,164.00,164.00,164.00,164.00,164.00,164.00,164.00,164.00,164.00,164.00,164.00
time,close,volume,oi,delta,imp_vol,gamma,rho,theta,vega,close,volume,oi,delta,imp_vol,gamma,rho,theta,vega,close,volume,oi,delta,imp_vol,gamma,rho,theta,vega,close,volume,oi,delta,imp_vol,gamma,rho,theta,vega,close,volume,oi,delta,imp_vol,gamma,rho,theta,vega,close,volume,oi,delta,imp_vol,gamma,rho,theta,vega,close,volume,oi,delta,imp_vol,gamma,rho,theta,vega,close,volume,oi,delta,imp_vol,gamma,rho,theta,vega,close,volume,oi,delta,imp_vol,gamma,rho,theta,vega,close,volume,oi,delta,imp_vol,gamma,rho,theta,vega,close,volume,oi,delta,imp_vol,gamma,rho,theta,vega,close,volume,oi,delta,imp_vol,gamma,rho,theta,vega,close,volume,oi,delta,imp_vol,gamma,rho,theta,vega,close,volume,oi,delta,imp_vol,gamma,rho,theta,vega,close,volume,oi,delta,imp_vol,gamma,rho,theta,vega,close,volume,oi,delta,imp_vol,gamma,rho,theta,vega,close,volume,oi,delta,imp_vol,gamma,rho,theta,vega,close,volume,oi,delta,imp_vol,gamma,rho,theta,vega,close,volume,oi,delta,imp_vol,gamma,rho,theta,vega,close,volume,oi,delta,imp_vol,gamma,rho,theta,vega,close,volume,oi,delta,imp_vol,gamma,rho,theta,vega,close,volume,oi,delta,imp_vol,gamma,rho,theta,vega,close,volume,oi,delta,imp_vol,gamma,rho,theta,vega,close,volume,oi,delta,imp_vol,gamma,rho,theta,vega,close,volume,oi,delta,imp_vol,gamma,rho,theta,vega,close,volume,oi,delta,imp_vol,gamma,rho,theta,vega,close,volume,oi,delta,imp_vol,gamma,rho,theta,vega,close,volume,oi,delta,imp_vol,gamma,rho,theta,vega,close,volume,oi,delta,imp_vol,gamma,rho,theta,vega,close,volume,oi,delta,imp_vol,gamma,rho,theta,vega,close,volume,oi,delta,imp_vol,gamma,rho,theta,vega,close,volume,oi,delta,imp_vol,gamma,rho,theta,vega,close,volume,oi,delta,imp_vol,gamma,rho,theta,vega,close,volume,oi,delta,imp_vol,gamma,rho,theta,vega,close,volume,oi,delta,imp_vol,gamma,rho,theta,vega,close,volume,oi,delta,imp_vol,gamma,rho,theta,vega,close,volume,oi,delta,imp_vol,gamma,rho,theta,vega,close,volume,oi,delta,imp_vol,gamma,rho,theta,vega,close,volume,oi,delta,imp_vol,gamma,rho,theta,vega,close,volume,oi,delta,imp_vol,gamma,rho,theta,vega,close,volume,oi,delta,imp_vol,gamma,rho,theta,vega,close,volume,oi,delta,imp_vol,gamma,rho,theta,vega,close,volume,oi,delta,imp_vol,gamma,rho,theta,vega,close,volume,oi,delta,imp_vol,gamma,rho,theta,vega,close,volume,oi,delta,imp_vol,gamma,rho,theta,vega,close,volume,oi,delta,imp_vol,gamma,rho,theta,vega,close,volume,oi,delta,imp_vol,gamma,rho,theta,vega,close,volume,oi,delta,imp_vol,gamma,rho,theta,vega,close,volume,oi,delta,imp_vol,gamma,rho,theta,vega,close,volume,oi,delta,imp_vol,gamma,rho,theta,vega,close,volume,oi,delta,imp_vol,gamma,rho,theta,vega,close,volume,oi,delta,imp_vol,gamma,rho,theta,vega,close,volume,oi,delta,imp_vol,gamma,rho,theta,vega,close,volume,oi,delta,imp_vol,gamma,rho,theta,vega,close,volume,oi,delta,imp_vol,gamma,rho,theta,vega,close,volume,oi,delta,imp_vol,gamma,rho,theta,vega,close,volume,oi,delta,imp_vol,gamma,rho,theta,vega,close,volume,oi,delta,imp_vol,gamma,rho,theta,vega,close,volume,oi,delta,imp_vol,gamma,rho,theta,vega,close,volume,oi,delta,imp_vol,gamma,rho,theta,vega,close,volume,oi,delta,imp_vol,gamma,rho,theta,vega,close,volume,oi,delta,imp_vol,gamma,rho,theta,vega,close,volume,oi,delta,imp_vol,gamma,rho,theta,vega,close,volume,oi,delta,imp_vol,gamma,rho,theta,vega,close,volume,oi,delta,imp_vol,gamma,rho,theta,vega,close,volume,oi,delta,imp_vol,gamma,rho,theta,vega,close,volume,oi,delta,imp_vol,gamma,rho,theta,vega,close,volume,oi,delta,imp_vol,gamma,rho,theta,vega,close,volume,oi,delta,imp_vol,gamma,rho,theta,vega,close,volume,oi,delta,imp_vol,gamma,rho,theta,vega,close,volume,oi,delta,imp_vol,gamma,rho,theta,vega,close,volume,oi,delta,imp_vol,gamma,rho,theta,vega,close,volume,oi,delta,imp_vol,gamma,rho,theta,vega,close,volume,oi,delta,imp_vol,gamma,rho,theta,vega,close,volume,oi,delta,imp_vol,gamma,rho,theta,vega,close,volume,oi,delta,imp_vol,gamma,rho,theta,vega,close,volume,oi,delta,imp_vol,gamma,rho,theta,vega,close,volume,oi,delta,imp_vol,gamma,rho,theta,vega,close,volume,oi,delta,imp_vol,gamma,rho,theta,vega,close,volume,oi,delta,imp_vol,gamma,rho,theta,vega,close,volume,oi,delta,imp_vol,gamma,rho,theta,vega,close,volume,oi,delta,imp_vol,gamma,rho,theta,vega
2023-09-06 10:30:00,,,,,,,,,,,,,,,,,,,,,,,,,,,,,,,,,,,,,,,,,,,,,,,,,,,,,,,,,,,,,,,,,,,,,,,,,,,,,,,,,,,,,,,,,,,,,,,,,,,,,,,,,,,,,,,,,,,,,,0.78,1.0,,,,,,,,,,,,,,,,,,,,,,,,,,,,,,,,,,,1.07,4,,,,,,,,,,,,,,,,,,,,,,,,,,,,,,,,,,,1.94,2.0,,,,,,,,2.53,20,,,,,,,,,,,,,,,,,,,,,,,,,,2.34,1.0,,,,,,,,,,,,,,,,,3.35,1.0,,,,,,,,1.71,4,,,,,,,,,,,,,,,,,1.24,5.0,,,,,,,,,,,,,,,,,1.02,1.0,,,,,,,,,,,,,,,,,,,,,,,,,,,,,,,,,,,,,,,,,,,,,,,,,,,,,,,,,,,,,,,,,,,,,,,,,,,,,,,,,,,,,,,,,,,,,,,,,,,,,,,,,,,,,,,,,,,,,,,,,,,,,,,,,,,,,,,,,,,,,,,,,,,,,,,,,,,,,,,,,,,,,,,,,,,,,,,,,,,,,,,,,,,,,,,,,,,,,,,,,,,,,,,,,,,,,,,,,,,,,,,,,,,,,,,,,,,,,,,,,,,,,,,,,,,,,,,,,,,,,,,,,,,,,,,,,,,,,,,,,,,,,,,,,,,,,,,,,,,,,,,,,,,,,,,,,,,,,,,,,,,,,,,,,,,,,,,,,,,,,,,,,,,,,,,,,,,,,,,,,,,,,,,,,,,,,,,,,,,,,,,,,,,,,,,,,,,,,,,,,,,,,,,,,,,,,,,,,,,,,,,,,,,,,,,,,,,,,,,,,,,,,,,,
2023-09-06 11:58:00,,,,,,,,,,0.13,1.0,,,,,,,,,,,,,,,,,0.42,1.0,,,,,,,,,,,,,,,,,,,,,,,,,,,,,,,,,,,,,,,,,,,,,,,,,,,,,,,,,,,,,,,,,,,,,,,,,,,,,,,,,,,,,,,,,0.89,93.0,,,,,,,,,,,,,,,,,1.35,10.0,,,,,,,,,,,,,,,,,1.58,40,,,,,,,,3.81,1.0,,,,,,,,1.58,1.0,,,,,,,,2.5,29.0,,,,,,,,2.41,4.0,,,,,,,,2.58,26,,,,,,,,2.84,9.0,,,,,,,,1.73,50.0,,,,,,,,2.34,1.0,,,,,,,,1.23,10.0,,,,,,,,3.73,6.0,,,,,,,,1.06,8,,,,,,,,,,,,,,,,,1.24,5.0,,,,,,,,,,,,,,,,,0.57,2.0,,,,,,,,,,,,,,,,,,,,,,,,,,,,,,,,,,,,,,,,,,,,,,,,,,,,,,,,,,,,,,,,,,,,,,,,,,,,,,,,,,,,,,,,,,,,,,,,,,,,,,,,,,,,,,,,,,,,,,,,,,,,,,,,,,,,,,,,,,,,,,,,,,,,,,,,,,,,,,,,,,,,,,,,,,,,,,,,,,,,,,,,,,,,,,,,,,,,,,,,,,,,,,,,,,,,,,,,,,,,,,,,,,,,,,,,,,,,,,,,,,,,,,,,,,,,,,,,,,,,,,,,,,,,,,,,,,,,,,,,,,,,,,,,,,,,,,,,,,,,,,,,,,,,,,,,,,,,,,,,,,,,,,,,,,,,,,,,,,,,,,,,,,,,,,,,,,,,,,,,,,,,,,,,,,,,,,,,,,,,,,,,,,,,,,,,,,,,,,,,,,,,,,,,,,,,,,,,,,,,,,,,,,,,,,,,,,,,,,,,,,,,,,,,
2023-09-06 12:12:00,,,,,,,,,,0.11,2.0,,,,,,,,,,,,,,,,,0.42,1.0,,,,,,,,,,,,,,,,,,,,,,,,,,,,,,,,,,,,,,,,,,,,,,,,,,,,,,,,,,,,,,,,,,,,,,,,,,,,,,,,,,,,,,,,,0.89,93.0,,,,,,,,,,,,,,,,,1.35,11.0,,,,,,,,,,,,,,,,,1.58,40,,,,,,,,3.17,4.0,,,,,,,,1.58,1.0,,,,,,,,2.59,31.0,,,,,,,,2.41,4.0,,,,,,,,2.58,26,,,,,,,,2.84,9.0,,,,,,,,1.73,50.0,,,,,,,,2.34,1.0,,,,,,,,1.23,10.0,,,,,,,,3.73,6.0,,,,,,,,0.93,14,,,,,,,,,,,,,,,,,1.24,5.0,,,,,,,,,,,,,,,,,0.57,2.0,,,,,,,,,,,,,,,,,,,,,,,,,,,,,,,,,,,,,,,,,,,,,,,,,,,,,0.2,3.0,,,,,,,,,,,,,,,,,,,,,,,,,,,,,,,,,,,,,,,,,,,,,,,,,,,,,,,,,,,,,,,,,,,,,,,,,,,,,,,,,,,,,,,,,,,,,,,,,,,,,,,,,,,,,,,,,,,,,,,,,,,,,,,,,,,,,,,,,,,,,,,,,,,,,,,,,,,,,,,,,,,,,,,,,,,,,,,,,,,,,,,,,,,,,,,,,,,,,,,,,,,,,,,,,,,,,,,,,,,,,,,,,,,,,,,,,,,,,,,,,,,,,,,,,,,,,,,,,,,,,,,,,,,,,,,,,,,,,,,,,,,,,,,,,,,,,,,,,,,,,,,,,,,,,,,,,,,,,,,,,,,,,,,,,,,,,,,,,,,,,,,,,,,,,,,,,,,,,,,,,,,,,,,,,,,,,,,,,,,,,,,,,,,,,,,,,,
2023-09-06 16:00:00,,,,0.95514,0.28097,0.00914,0.06179,-0.05073,0.03411,0.12,30.0,,-0.03398,0.26151,0.00791,-0.00247,-0.02499,0.02748,,,,0.89036,0.21866,0.02346,0.05976,-0.0694,0.06811,0.46,76.0,,-0.10029,0.21006,0.02297,-0.0073,-0.04607,0.06408,8.05,4.0,,0.8694,0.21334,0.02722,0.05861,-0.07468,0.0771,0.54,5.0,,-0.12123,0.20524,0.02693,-0.00882,-0.05138,0.07341,,,,0.84873,0.20444,0.03139,0.05749,-0.07789,0.08522,0.7,23.0,,-0.14554,0.19992,0.03136,-0.0106,-0.05652,0.08325,,,,0.82081,0.19832,0.03613,0.05584,-0.08263,0.09515,0.65,5.0,,-0.17407,0.19442,0.03625,-0.01268,-0.06149,0.0936,,,,0.78653,0.1935,0.0412,0.05371,-0.08784,0.10585,0.87,9.0,,-0.20807,0.18929,0.04154,-0.01516,-0.06641,0.10443,,,,0.74799,0.18769,0.04659,0.05128,-0.09189,0.11613,1.03,149.0,,-0.24793,0.18444,0.04706,-0.01808,-0.07092,0.11526,,,,0.70338,0.18208,0.05207,0.04839,-0.09516,0.12591,1.23,35.0,,-0.29458,0.18051,0.0524,-0.0215,-0.07503,0.12562,,,,0.65188,0.17748,0.0571,0.045,-0.09768,0.13459,1.54,128,,-0.34628,0.17576,0.05758,-0.02529,-0.07736,0.1344,3.16,19.0,,0.59486,0.17275,0.06153,0.04119,-0.09842,0.14114,1.87,19.0,,-0.40407,0.17163,0.06191,-0.02954,-0.07829,0.1411,2.71,66.0,,0.53258,0.16927,0.06442,0.03698,-0.09774,0.14481,2.34,10.0,,-0.46672,0.16795,0.06492,-0.03416,-0.07736,0.1448,2.02,29,,0.46715,0.16558,0.06586,0.03251,-0.09462,0.14481,2.82,11.0,,-0.53244,0.16509,0.06605,-0.03903,-0.07452,0.14481,1.66,53.0,,0.40068,0.16282,0.06511,0.02795,-0.0896,0.1408,2.34,1.0,,-0.59902,0.16246,0.06525,-0.04398,-0.06942,0.14077,1.3,26.0,,0.3358,0.16068,0.06226,0.02347,-0.08273,0.13284,3.73,6.0,,-0.66426,0.16009,0.06244,-0.04887,-0.06225,0.13275,0.97,32,,0.27432,0.1586,0.05765,0.0192,-0.0741,0.12141,,,,-0.72418,0.15932,0.05748,-0.05341,-0.05427,0.12162,0.74,77.0,,0.21919,0.15739,0.0515,0.01537,-0.06478,0.10765,,,,-0.77662,0.15983,0.0512,-0.05745,-0.04594,0.10867,0.57,2.0,,0.17107,0.15649,0.04454,0.01201,-0.05508,0.09257,,,,-0.82117,0.1611,0.04442,-0.06094,-0.03758,0.09503,,,,0.12911,0.15499,0.03727,0.00907,-0.04499,0.07671,,,,-0.85667,0.16384,0.03777,-0.06381,-0.03017,0.08218,,,,0.097,0.15523,0.03034,0.00682,-0.03657,0.06254,,,,-0.87769,0.17243,0.03216,-0.06566,-0.02687,0.07364,0.17,4.0,,0.07337,0.15699,0.02433,0.00516,-0.02988,0.05072,,,,-0.8865,0.18731,0.02807,-0.06667,-0.02792,0.06982,,,,0.0554,0.15921,0.01928,0.0039,-0.02427,0.04077,,,,-0.8948,0.20107,0.02475,-0.06764,-0.02836,0.06609,,,,0.04359,0.16354,0.0155,0.00307,-0.02052,0.03366,,,,-0.90022,0.21605,0.02216,-0.06841,-0.02971,0.06358,0.04,26.0,,0.02132,0.17586,0.00797,0.0015,-0.01212,0.01862,,,,-0.91359,0.25834,0.01665,-0.07051,-0.03266,0.05713,,,,,,,,,,,,,,,,,,,,,,,,,,,,,,,,,,,,,,,,,,,,,,,,,,,,,,,,,,,,,,,,,,,,,,,,,,,,,,,,,,,,,,,,,,,,,,,,,,,,,,,,,,,,,,,,,,,,,,,,,,,,,,,,,,,,,,,,,,,,,,,,,,,,,,,,,,,,,,,,,,,,,,,,,,,,,,,,,,,,,,,,,,,,,,,,,,,,,,,,,,,,,,,,,,,,,,,,,,,,,,,,,,,,,,,,,,,,,,,,,,,,,,,,,,,,,,,,,,,,,,,,,,,,,,,,,,,,,,,,,,,,,,,,,,,,,,,,,,,,,,,,,,,,,,,,,,,,,,,,,,,,
2023-09-07 11:34:00,,,,,,,,,,0.19,49.0,29.0,,,,,,,,,,,,,,,,0.61,20.0,76.0,,,,,,,8.05,,4.0,,,,,,,0.72,138.0,5.0,,,,,,,,,,,,,,,,0.88,100.0,23.0,,,,,,,,,,,,,,,,0.96,1.0,4.0,,,,,,,,,,,,,,,,1.11,1.0,9.0,,,,,,,3.95,2.0,,,,,,,,1.03,,149.0,,,,,,,3.32,7.0,,,,,,,,1.97,2.0,35.0,,,,,,,2.62,8.0,,,,,,,,2.3,12,128.0,,,,,,,2.13,13.0,15.0,,,,,,,3.12,22.0,19.0,,,,,,,1.66,9.0,13.0,,,,,,,3.37,25.0,6.0,,,,,,,1.26,10,28.0,,,,,,,4.08,4.0,5.0,,,,,,,0.94,9.0,50.0,,,,,,,2.34,,1.0,,,,,,,0.71,18.0,18.0,,,,,,,3.73,,6.0,,,,,,,0.52,3,25.0,,,,,,,,,,,,,,,,0.39,11.0,75.0,,,,,,,,,,,,,,,,0.57,,2.0,,,,,,,,,,,,,,,,,,,,,,,,,,,,,,,,,,,,,,,,,,,,,,,,,,,,0.17,,4.0,,,,,,,,,,,,,,,,,,,,,,,,,,,,,,,,,,0.09,1.0,,,,,,,,,,,,,,,,,0.04,,26.0,,,,,,,,,,,,,,,,,,,,,,,,,0.17,2.0,,,,,,,,,,,,,,,,,0.25,1.0,,,,,,,,,,,,,,,,,,,,,,,,,,8.53,8.0,,,,,,,,,,,,,,,,,,,,,,,,,,,,,,,,,,,,,,,,,,,,,,,,,,,,,,,,,,,,,,,,,,,,,,,,,,,,,,,,,,,,,,,,,,,,,,,,,,,,,,,,,,,,,,,,,,,,,,,,,,,,,,,,,,,,,,,,,,,,,,,,,,,,,,,,,,,,,,,,,,,,,,,,,,,,,,,,,,,,,,,,,,,,,,,,,,,,,,,,,,,,,,,,,,,,,,,,,,,,,,,,,,,,,,,,,,,,,,,,,,,,,,,,,,,,,,,,,,,,,,,,,,,,
2023-09-07 12:07:00,,,,,,,,,,0.19,49.0,29.0,,,,,,,,,,,,,,,,0.61,20.0,76.0,,,,,,,8.05,,4.0,,,,,,,0.72,138.0,5.0,,,,,,,,,,,,,,,,0.89,211.0,23.0,,,,,,,,,,,,,,,,0.96,1.0,4.0,,,,,,,,,,,,,,,,1.25,68.0,9.0,,,,,,,3.95,2.0,,,,,,,,1.03,,149.0,,,,,,,3.32,7.0,,,,,,,,1.97,2.0,35.0,,,,,,,2.62,8.0,,,,,,,,2.37,16,128.0,,,,,,,2.13,36.0,15.0,,,,,,,2.68,27.0,19.0,,,,,,,1.66,9.0,13.0,,,,,,,3.35,44.0,6.0,,,,,,,1.26,10,28.0,,,,,,,3.95,53.0,5.0,,,,,,,0.94,40.0,50.0,,,,,,,2.34,,1.0,,,,,,,0.72,29.0,18.0,,,,,,,3.73,,6.0,,,,,,,0.52,3,25.0,,,,,,,,,,,,,,,,0.39,11.0,75.0,,,,,,,,,,,,,,,,0.57,,2.0,,,,,,,,,,,,,,,,,,,,,,,,,,,,,,,,,,,,,,,,,,,,,,,,,,,,0.17,,4.0,,,,,,,,,,,,,,,,,,,,,,,,,,,,,,,,,,0.09,1.0,,,,,,,,,,,,,,,,,0.04,,26.0,,,,,,,,,,,,,,,,,,,,,,,,,0.17,2.0,,,,,,,,,,,,,,,,,0.25,1.0,,,,,,,,,,,,,,,,,,,,,,,,,,8.53,8.0,,,,,,,,,,,,,,,,,,,,,,,,,,,,,,,,,,,,,,,,,,,,,,,,,,,,,,,,,,,,,,,,,,,,,,,,,,,,,,,,,,,,,,,,,,,,,,,,,,,,,,,,,,,,,,,,,,,,,,,,,,,,,,,,,,,,,,,,,,,,,,,,,,,,,,,,,,,,,,,,,,,,,,,,,,,,,,,,,,,,,,,,,,,,,,,,,,,,,,,,,,,,,,,,,,,,,,,,,,,,,,,,,,,,,,,,,,,,,,,,,,,,,,,,,,,,,,,,,,,,,,,,,,,,
2023-09-07 16:00:00,,,,0.92312,0.31155,0.01325,0.05524,-0.07565,0.0499,0.19,49.0,29.0,-0.0448,0.26082,0.01041,-0.003,-0.03207,0.03284,,,,0.83614,0.23198,0.03057,0.05191,-0.09164,0.08575,0.55,21.0,76.0,-0.13645,0.20655,0.03045,-0.00913,-0.05773,0.07604,7.08,41.0,4.0,0.81163,0.22269,0.03479,0.05061,-0.09504,0.09369,0.72,141.0,5.0,-0.16441,0.20112,0.03541,-0.01101,-0.06337,0.08611,,,,0.78029,0.21588,0.03935,0.04886,-0.0996,0.10273,0.89,211.0,23.0,-0.19797,0.19614,0.04079,-0.01326,-0.06907,0.09674,,,,0.74515,0.20796,0.04433,0.04685,-0.10292,0.11149,0.96,1.0,4.0,-0.23641,0.19051,0.04653,-0.01584,-0.07386,0.10719,,,,0.70463,0.19984,0.04963,0.04448,-0.10525,0.11992,1.17,69.0,9.0,-0.28005,0.18394,0.05262,-0.01877,-0.07725,0.11704,3.95,2.0,,0.6561,0.19433,0.05441,0.04156,-0.1078,0.12786,1.43,92.0,149.0,-0.33242,0.17964,0.05812,-0.0223,-0.08063,0.12627,3.32,7.0,,0.60237,0.18826,0.05888,0.03828,-0.10835,0.13404,1.7,4.0,35.0,-0.39023,0.17442,0.06324,-0.02621,-0.08171,0.1334,2.62,8.0,,0.54314,0.18263,0.06241,0.03462,-0.10705,0.13784,2.13,23,128.0,-0.45407,0.16973,0.06712,-0.03052,-0.08086,0.13774,2.25,41.0,15.0,0.47961,0.17777,0.06442,0.03066,-0.10376,0.13848,2.64,29.0,19.0,-0.5225,0.1647,0.06951,-0.03517,-0.07723,0.13843,1.74,13.0,13.0,0.41344,0.17289,0.06476,0.02649,-0.09789,0.1354,3.15,48.0,6.0,-0.59412,0.15961,0.06982,-0.04004,-0.07079,0.13475,1.33,23,28.0,0.34688,0.16853,0.06297,0.02228,-0.08981,0.12834,3.95,53.0,5.0,-0.66446,0.1566,0.06688,-0.04487,-0.06289,0.12665,1.08,75.0,50.0,0.28365,0.16557,0.05882,0.01825,-0.08042,0.11776,4.27,1.0,1.0,-0.73295,0.15257,0.0619,-0.0496,-0.05219,0.11421,0.75,42.0,18.0,0.22507,0.16276,0.05299,0.01451,-0.06961,0.10429,3.73,,6.0,-0.79545,0.14906,0.05465,-0.05396,-0.04031,0.09851,0.55,15,25.0,0.17469,0.16128,0.0459,0.01127,-0.0589,0.08952,,,,-0.84672,0.14768,0.04595,-0.05761,-0.02932,0.08206,0.38,23.0,75.0,0.13313,0.1608,0.03845,0.0086,-0.04882,0.07477,,,,-0.8737,0.15604,0.0381,-0.05972,-0.0252,0.07189,0.57,,2.0,0.09956,0.16077,0.03129,0.00644,-0.03954,0.06082,,,,-0.90305,0.15859,0.03098,-0.06196,-0.01759,0.05942,,,,0.07434,0.16198,0.02496,0.00481,-0.0319,0.04889,,,,-0.92161,0.16475,0.02543,-0.06352,-0.01294,0.05065,,,,0.05609,0.16447,0.01975,0.00363,-0.02594,0.03928,,,,-0.9313,0.17518,0.0216,-0.0645,-0.01134,0.04575,0.17,,4.0,0.04108,0.16594,0.01526,0.00266,-0.02034,0.03062,,,,-0.93731,0.18725,0.01881,-0.06525,-0.01092,0.04259,,,,0.03412,0.17294,0.01258,0.00221,-0.01817,0.02631,,,,-0.94053,0.20106,0.0168,-0.06582,-0.01164,0.04086,0.09,1.0,,0.02275,0.17119,0.00907,0.00147,-0.01281,0.01877,,,,-0.94347,0.21448,0.01513,-0.06637,-0.01222,0.03925,0.04,,26.0,0.01483,0.19393,0.00556,0.00096,-0.01002,0.01304,,,,-0.94921,0.25524,0.01167,-0.06781,-0.01466,0.03602,,,,0.93471,0.33629,0.01081,0.05531,-0.07267,0.04397,0.17,2.0,,-0.03275,0.27482,0.00765,-0.00219,-0.02625,0.02544,,,,0.90839,0.28641,0.01645,0.05497,-0.07861,0.05697,0.25,1.0,,-0.05847,0.2423,0.01385,-0.00391,-0.03669,0.04059,,,,0.88741,0.26291,0.02084,0.05428,-0.08272,0.06626,,,,-0.08082,0.22715,0.01896,-0.00541,-0.04393,0.05209,8.53,8.0,,0.85539,0.24297,0.02686,0.05284,-0.08912,0.07891,0.49,3.0,,-0.11432,0.21327,0.02606,-0.00765,-0.05288,0.0672,,,,0.02153,0.18231,0.00813,0.00139,-0.01299,0.01792,,,,-0.94577,0.22804,0.01377,-0.06687,-0.01295,0.03797,,,,0.02053,0.23151,0.00615,0.00133,-0.01573,0.01721,,,,-0.95086,0.2837,0.01022,-0.06863,-0.01725,0.03507,,,,,,,,,,,,,,,,,,,,,,,,,,,,,,,,,,,,,,,,,,,,,,,,,,,,,,,,,,,,,,,,,,,,,,,,,,,,,,,,,,,,,,,,,,,,,,,,,,,,,,,,,,,,,,,,,,,,,,,,,,,,,,,,,,,,,,,,,,,,,,,,,,,,,,,,,,,,,,,,,,,,,,,,,,,,,,,,,,,,,,,,,,,,,,,,,,,,,,,,,,,,,,,,,,,,,,,,
2023-09-08 11:53:00,,,,,,,,,,0.13,4.0,75.0,,,,,,,,,,,,,,,,0.39,158.0,84.0,,,,,,,7.08,,44.0,,,,,,,0.53,103.0,138.0,,,,,,,,,,,,,,,,0.89,,134.0,,,,,,,,,,,,,,,,0.96,,5.0,,,,,,,,,,,,,,,,1.07,2.0,78.0,,,,,,,3.48,1.0,2.0,,,,,,,1.25,22.0,239.0,,,,,,,3.3,192.0,2.0,,,,,,,1.55,2.0,37.0,,,,,,,2.72,342.0,8.0,,,,,,,1.85,59,137.0,,,,,,,2.08,126.0,51.0,,,,,,,2.29,50.0,10.0,,,,,,,1.58,123.0,16.0,,,,,,,3.15,,49.0,,,,,,,1.19,7,46.0,,,,,,,3.49,129.0,54.0,,,,,,,0.91,24.0,94.0,,,,,,,4.58,1.0,2.0,,,,,,,0.65,101.0,51.0,,,,,,,5.36,1.0,6.0,,,,,,,0.45,31,34.0,,,,,,,,,,,,,,,,0.3,3.0,77.0,,,,,,,,,,,,,,,,0.57,,2.0,,,,,,,,,,,,,,,,,,,,,,,,,,,,,,,,,,,,,,,,,,,,,,,,,,,,0.09,40.0,4.0,,,,,,,,,,,,,,,,,,,,,,,,,,,,,,,,,,0.09,,1.0,,,,,,,,,,,,,,,,0.04,,26.0,,,,,,,,,,,,,,,,,,,,,,,,,0.17,,2.0,,,,,,,,,,,,,,,,0.25,,1.0,,,,,,,,,,,,,,,,,,,,,,,,,8.53,,8.0,,,,,,,0.31,361.0,3.0,,,,,,,,,,,,,,,,,,,,,,,,,,,,,,,,,,,,,,,,,,,,,,,,,,,,,,,,,,,,,,,,,,,,,,,,,,,,,,,,,,,,,,,,,,,,,,,,,,,,,,,,,,,,,,,,,,,,,,,,,,,,,,,,,,,,,,,,,,,,,,,,,,,,,,,,,,,,,,,,,,,,,,,,,,,,,,,,,,,,,,,,,,,,,,,,,,,,,,,,,,,,,,,,,,,,,,,,,,,,,,,,,,,,,,,,,,,,,,,,,,,,,,,,,,,,,,,,,,
2023-09-08 12:07:00,,,,,,,,,,0.13,4.0,75.0,,,,,,,,,,,,,,,,0.39,158.0,84.0,,,,,,,7.08,,44.0,,,,,,,0.53,103.0,138.0,,,,,,,,,,,,,,,,0.89,,134.0,,,,,,,,,,,,,,,,0.77,1.0,5.0,,,,,,,,,,,,,,,,1.07,2.0,78.0,,,,,,,3.48,1.0,2.0,,,,,,,1.25,22.0,239.0,,,,,,,3.26,196.0,2.0,,,,,,,1.55,2.0,37.0,,,,,,,2.66,343.0,8.0,,,,,,,1.85,59,137.0,,,,,,,2.08,126.0,51.0,,,,,,,2.34,51.0,10.0,,,,,,,1.65,124.0,16.0,,,,,,,3.15,,49.0,,,,,,,1.19,7,46.0,,,,,,,3.49,129.0,54.0,,,,,,,0.91,24.0,94.0,,,,,,,4.58,1.0,2.0,,,,,,,0.62,151.0,51.0,,,,,,,5.36,1.0,6.0,,,,,,,0.42,32,34.0,,,,,,,,,,,,,,,,0.3,3.0,77.0,,,,,,,,,,,,,,,,0.57,,2.0,,,,,,,,,,,,,,,,,,,,,,,,,,,,,,,,,,,,,,,,,,,,,,,,,,,,0.09,40.0,4.0,,,,,,,,,,,,,,,,,,,,,,,,,,,,,,,,,,0.09,,1.0,,,,,,,,,,,,,,,,0.04,,26.0,,,,,,,,,,,,,,,,,,,,,,,,,0.17,,2.0,,,,,,,,,,,,,,,,0.25,,1.0,,,,,,,,,,,,,,,,,,,,,,,,,8.53,,8.0,,,,,,,0.31,361.0,3.0,,,,,,,,,,,,,,,,,,,,,,,,,,,,,,,,,,,,,,,,,,,,,,,,,,,,,,,,,,,,,,,,,,,,,,,,,,,,,,,,,,,,,,,,,,,,,,,,,,,,,,,,,,,,,,,,,,,,,,,,,,,,,,,,,,,,,,,,,,,,,,,,,,,,,,,,,,,,,,,,,,,,,,,,,,,,,,,,,,,,,,,,,,,,,,,,,,,,,,,,,,,,,,,,,,,,,,,,,,,,,,,,,,,,,,,,,,,,,,,,,,,,,,,,,,,,,,,,,,
2023-09-08 16:00:00,,,,0.92867,0.30609,0.01328,0.05136,-0.07358,0.04517,0.11,47.0,75.0,-0.03484,0.24628,0.00938,-0.00214,-0.02566,0.02566,,,,0.84167,0.2224,0.03253,0.0483,-0.08976,0.08038,0.39,158.0,84.0,-0.12493,0.19294,0.03199,-0.00768,-0.0527,0.06858,7.08,,44.0,0.81526,0.21317,0.03747,0.047,-0.09371,0.08874,0.53,104.0,138.0,-0.15424,0.18728,0.03804,-0.00949,-0.05876,0.07916,,,,0.78331,0.20438,0.04302,0.04535,-0.0976,0.0977,0.67,2.0,134.0,-0.19086,0.18253,0.04472,-0.01174,-0.06524,0.09069,,,,0.7437,0.19725,0.04891,0.04323,-0.10186,0.1072,0.86,6.0,5.0,-0.23378,0.17724,0.05185,-0.01439,-0.07082,0.10212,4.45,3.0,,0.69734,0.19039,0.05495,0.04069,-0.10519,0.11625,1.09,14.0,78.0,-0.28417,0.17182,0.05918,-0.01751,-0.07529,0.11298,3.48,1.0,2.0,0.64347,0.18439,0.06062,0.03767,-0.10745,0.12419,1.35,27.0,239.0,-0.34363,0.16768,0.0658,-0.02119,-0.07887,0.1226,3.24,201.0,2.0,0.583,0.17849,0.06555,0.03424,-0.10766,0.13001,1.5,19.0,37.0,-0.40996,0.16316,0.07145,-0.0253,-0.07995,0.12954,2.42,346.0,8.0,0.51655,0.17371,0.0688,0.03042,-0.10588,0.1328,2.1,64,137.0,-0.48253,0.15883,0.07525,-0.02982,-0.0783,0.1328,1.82,133.0,51.0,0.44632,0.1691,0.07011,0.02635,-0.10128,0.13172,2.61,78.0,10.0,-0.55927,0.1546,0.07651,-0.03461,-0.07352,0.13144,1.35,135.0,16.0,0.37547,0.16589,0.06858,0.02222,-0.09453,0.12641,2.8,3.0,49.0,-0.63667,0.15125,0.07438,-0.03947,-0.06605,0.12501,1.01,19,46.0,0.30628,0.16256,0.06474,0.01816,-0.08507,0.11695,3.49,129.0,54.0,-0.71196,0.14761,0.06927,-0.04423,-0.05559,0.11362,0.74,32.0,94.0,0.24193,0.15973,0.05863,0.01437,-0.0739,0.10406,4.58,1.0,2.0,-0.78194,0.14385,0.06135,-0.0487,-0.04301,0.09806,0.49,270.0,51.0,0.18612,0.15817,0.05081,0.01107,-0.06243,0.0893,5.36,1.0,6.0,-0.84136,0.1413,0.05126,-0.05255,-0.03034,0.08048,0.35,39,34.0,0.13892,0.15691,0.04232,0.00827,-0.05093,0.07379,,,,-0.87935,0.1453,0.04134,-0.05514,-0.02249,0.06674,0.25,5.0,77.0,0.10187,0.15676,0.03404,0.00607,-0.0407,0.05929,,,,-0.90662,0.15072,0.03309,-0.05709,-0.01622,0.05541,0.17,1.0,2.0,0.07349,0.15723,0.02659,0.00438,-0.03186,0.04646,7.99,13.0,,-0.92707,0.15645,0.02643,-0.05864,-0.01083,0.04595,,,,0.05236,0.1582,0.02029,0.00313,-0.02452,0.03566,,,,-0.94017,0.1644,0.02155,-0.05975,-0.00745,0.03937,,,,0.03943,0.16221,0.01575,0.00235,-0.01996,0.02839,,,,-0.94127,0.18125,0.01926,-0.06015,-0.00961,0.0388,0.09,40.0,4.0,0.0304,0.16708,0.01235,0.00182,-0.01656,0.02293,,,,-0.94414,0.19587,0.01713,-0.06065,-0.01054,0.03729,,,,0.02526,0.17451,0.01013,0.00151,-0.01478,0.01965,,,,-0.94669,0.21018,0.01538,-0.06113,-0.01138,0.03592,0.09,,1.0,0.02051,0.18066,0.00821,0.00122,-0.01281,0.01649,,,,-0.94906,0.22409,0.01391,-0.0616,-0.01206,0.03463,0.04,,26.0,0.01118,0.19785,0.00445,0.00067,-0.00829,0.00979,,,,-0.95637,0.26195,0.01049,-0.06303,-0.01249,0.03054,,,,0.93771,0.33565,0.0109,0.05125,-0.0727,0.04064,0.17,,2.0,-0.02635,0.26474,0.00692,-0.00162,-0.02195,0.02036,,,,0.91485,0.27929,0.01666,0.05116,-0.07617,0.05172,0.25,,1.0,-0.04808,0.22928,0.01308,-0.00296,-0.0309,0.03332,,,,0.89448,0.25439,0.02145,0.05057,-0.08014,0.06062,,,,-0.06792,0.21256,0.01851,-0.00417,-0.03741,0.04373,8.53,,8.0,0.86366,0.23181,0.02822,0.04933,-0.08576,0.07268,0.33,473.0,3.0,-0.10154,0.19915,0.02673,-0.00624,-0.0471,0.05915,,,,0.01604,0.18518,0.0065,0.00096,-0.01063,0.01337,,,,-0.95324,0.23488,0.01238,-0.06218,-0.01113,0.03232,,,,0.01023,0.21835,0.00374,0.00061,-0.00845,0.00907,,,,-0.95351,0.29819,0.00971,-0.06352,-0.01888,0.03216,,,,,,,,,,,,,,,,,,,,,,,,,,,,,,,,,,,,,,,,,,,,,,,,,,,,,,,,,,,,,,,,,,,,,,,,,,,,,,,,,,,,,,,,,,,,,,,,,,,,,,,,,,,,,,,,,,,,,,,,,,,,,,,,,,,,,,,,,,,,,,,,,,,,,,,,,,,,,,,,,,,,,,,,,,,,,,,,,,,,,,,,,,,,,,,,,,,,,,,,,,,,,,,,,,,,,,,,
2023-09-11 10:43:00,,,,,,,,,,0.08,1.0,118.0,,,,,,,,,,,,,,,,0.24,6.0,179.0,,,,,,,7.08,,44.0,,,,,,,0.33,7.0,203.0,,,,,,,,,,,,,,,,0.67,,135.0,,,,,,,,,,,,,,,,0.64,9.0,10.0,,,,,,,5.2,6.0,1.0,,,,,,,0.65,1.0,79.0,,,,,,,3.48,,3.0,,,,,,,1.02,634.0,244.0,,,,,,,3.24,,182.0,,,,,,,1.17,5.0,39.0,,,,,,,2.48,19.0,339.0,,,,,,,1.42,38,150.0,,,,,,,2.4,49.0,140.0,,,,,,,2.25,37.0,63.0,,,,,,,1.67,42.0,132.0,,,,,,,2.8,,51.0,,,,,,,1.28,293,41.0,,,,,,,2.65,1.0,160.0,,,,,,,1.02,185.0,95.0,,,,,,,4.58,,3.0,,,,,,,0.49,30.0,311.0,,,,,,,5.36,,7.0,,,,,,,0.35,69,52.0,,,,,,,,,,,,,,,,0.25,13.0,80.0,,,,,,,,,,,,,,,,0.18,3.0,3.0,,,,,,,7.99,,13.0,,,,,,,,,,,,,,,,,,,,,,,,,,,,,,,,,,,,,,,,,,,0.06,11.0,44.0,,,,,,,,,,,,,,,,,,,,,,,,,,,,,,,,,,0.09,,1.0,,,,,,,,,,,,,,,,0.04,,26.0,,,,,,,,,,,,,,,,,,,,,,,,,0.07,25.0,2.0,,,,,,,,,,,,,,,,0.09,8.0,1.0,,,,,,,,,,,,,,,,0.14,6.0,,,,,,,,8.53,,8.0,,,,,,,0.22,45.0,469.0,,,,,,,,,,,,,,,,,,,,,,,,,,,,,,,,,,,,,,,,,,,,,,,,,,,,,,,,,,,,,,,,,,,,,,,,,,,,,,,,,,,,,,,,,,,,,,,,,,,,,,,,,,,,,,,,,,,,,,,,,,,,,,,,,,,,,,,,,,,,,,,,,,,,,,,,,,,,,,,,,,,,,,,,,,,,,,,,,,,,,,,,,,,,,,,,,,,,,,,,,,,,,,,,,,,,,,,,,,,,,,,,,,,,,,,,,,,,,,,,,,,,,,,,,,,,,,,,,,
2023-09-11 11:04:00,,,,,,,,,,0.08,1.0,118.0,,,,,,,,,,,,,,,,0.24,6.0,179.0,,,,,,,7.08,,44.0,,,,,,,0.33,7.0,203.0,,,,,,,,,,,,,,,,0.39,3.0,135.0,,,,,,,,,,,,,,,,0.64,9.0,10.0,,,,,,,5.2,6.0,1.0,,,,,,,0.64,4.0,79.0,,,,,,,3.48,,3.0,,,,,,,0.87,635.0,244.0,,,,,,,3.24,,182.0,,,,,,,1.17,5.0,39.0,,,,,,,2.97,29.0,339.0,,,,,,,1.47,43,150.0,,,,,,,2.27,53.0,140.0,,,,,,,2.25,37.0,63.0,,,,,,,1.8,44.0,132.0,,,,,,,2.8,,51.0,,,,,,,1.28,293,41.0,,,,,,,2.93,7.0,160.0,,,,,,,0.92,340.0,95.0,,,,,,,4.58,,3.0,,,,,,,0.49,30.0,311.0,,,,,,,5.36,,7.0,,,,,,,0.44,71,52.0,,,,,,,,,,,,,,,,0.25,13.0,80.0,,,,,,,,,,,,,,,,0.18,3.0,3.0,,,,,,,7.99,,13.0,,,,,,,,,,,,,,,,,,,,,,,,,,,,,,,,,,,,,,,,,,,0.06,11.0,44.0,,,,,,,,,,,,,,,,,,,,,,,,,,,,,,,,,,0.09,,1.0,,,,,,,,,,,,,,,,0.04,,26.0,,,,,,,,,,,,,,,,,,,,,,,,,0.07,25.0,2.0,,,,,,,,,,,,,,,,0.09,8.0,1.0,,,,,,,,,,,,,,,,0.14,6.0,,,,,,,,9.65,6.0,8.0,,,,,,,0.22,45.0,469.0,,,,,,,,,,,,,,,,,,,,,,,,,,,,,,,,,,,,,,,,,,,,,,,,,,,,,,,,,,,,,,,,,,,,,,,,,,,,,,,,,,,,,,,,,,,,,,,,,,,,,,,,,,,,,,,,,,,,,,,,,,,,,,,,,,,,,,,,,,,,,,,,,,,,,,,,,,,,,,,,,,,,,,,,,,,,,,,,,,,,,,,,,,,,,,,,,,,,,,,,,,,,,,,,,,,,,,,,,,,,,,,,,,,,,,,,,,,,,,,,,,,,,,,,,,,,,,,,,,
2023-09-11 11:26:00,,,,,,,,,,0.08,1.0,118.0,,,,,,,,,,,,,,,,0.24,6.0,179.0,,,,,,,7.08,,44.0,,,,,,,0.33,7.0,203.0,,,,,,,,,,,,,,,,0.39,3.0,135.0,,,,,,,,,,,,,,,,0.64,9.0,10.0,,,,,,,4.74,13.0,1.0,,,,,,,0.64,4.0,79.0,,,,,,,4.01,5.0,3.0,,,,,,,0.94,636.0,244.0,,,,,,,3.24,,182.0,,,,,,,1.24,46.0,39.0,,,,,,,2.97,29.0,339.0,,,,,,,1.47,43,150.0,,,,,,,2.27,53.0,140.0,,,,,,,2.25,37.0,63.0,,,,,,,1.8,44.0,132.0,,,,,,,2.8,,51.0,,,,,,,1.28,293,41.0,,,,,,,2.92,12.0,160.0,,,,,,,0.78,345.0,95.0,,,,,,,4.58,,3.0,,,,,,,0.49,30.0,311.0,,,,,,,5.36,,7.0,,,,,,,0.37,72,52.0,,,,,,,,,,,,,,,,0.25,13.0,80.0,,,,,,,,,,,,,,,,0.17,5.0,3.0,,,,,,,7.99,,13.0,,,,,,,,,,,,,,,,,,,,,,,,,,,,,,,,,,,,,,,,,,,0.06,11.0,44.0,,,,,,,,,,,,,,,,,,,,,,,,,,,,,,,,,,0.09,,1.0,,,,,,,,,,,,,,,,0.04,,26.0,,,,,,,,,,,,,,,,,,,,,,,,,0.07,25.0,2.0,,,,,,,,,,,,,,,,0.09,8.0,1.0,,,,,,,,,,,,,,,,0.14,6.0,,,,,,,,9.39,8.0,8.0,,,,,,,0.22,45.0,469.0,,,,,,,,,,,,,,,,,,,,,,,,,,,,,,,,,,,,,,,,,,,,,,,,,,,,,,,,,,,,,,,,,,,,,,,,,,,,,,,,,,,,,,,,,,,,,,,,,,,,,,,,,,,,,,,,,,,,,,,,,,,,,,,,,,,,,,,,,,,,,,,,,,,,,,,,,,,,,,,,,,,,,,,,,,,,,,,,,,,,,,,,,,,,,,,,,,,,,,,,,,,,,,,,,,,,,,,,,,,,,,,,,,,,,,,,,,,,,,,,,,,,,,,,,,,,,,,,,,
2023-09-11 11:47:00,,,,,,,,,,0.08,1.0,118.0,,,,,,,,,,,,,,,,0.24,6.0,179.0,,,,,,,7.08,,44.0,,,,,,,0.33,7.0,203.0,,,,,,,,,,,,,,,,0.39,3.0,135.0,,,,,,,,,,,,,,,,0.64,9.0,10.0,,,,,,,4.74,13.0,1.0,,,,,,,0.64,4.0,79.0,,,,,,,4.01,5.0,3.0,,,,,,,0.94,636.0,244.0,,,,,,,3.24,,182.0,,,,,,,1.23,47.0,39.0,,,,,,,2.56,30.0,339.0,,,,,,,1.57,53,150.0,,,,,,,2.27,53.0,140.0,,,,,,,2.25,37.0,63.0,,,,,,,1.8,44.0,132.0,,,,,,,2.8,,51.0,,,,,,,1.28,293,41.0,,,,,,,2.92,12.0,160.0,,,,,,,0.78,345.0,95.0,,,,,,,4.58,,3.0,,,,,,,0.52,40.0,311.0,,,,,,,5.36,,7.0,,,,,,,0.37,72,52.0,,,,,,,,,,,,,,,,0.25,13.0,80.0,,,,,,,,,,,,,,,,0.17,5.0,3.0,,,,,,,7.21,2.0,13.0,,,,,,,,,,,,,,,,8.19,2.0,,,,,,,,,,,,,,,,,9.19,1.0,,,,,,,,0.06,11.0,44.0,,,,,,,,,,,,,,,,,,,,,,,,,,,,,,,,,,0.09,,1.0,,,,,,,,,,,,,,,,0.04,,26.0,,,,,,,,,,,,,,,,,,,,,,,,,0.07,25.0,2.0,,,,,,,,,,,,,,,,0.09,8.0,1.0,,,,,,,,,,,,,,,,0.14,6.0,,,,,,,,9.39,8.0,8.0,,,,,,,0.22,45.0,469.0,,,,,,,,,,,,,,,,,,,,,,,,,,,,,,,,,,,,,,,,,,,,,,,,,,,,,,,,,,,,,,,,,,,,,,,,,,,,,,,,,,,,,,,,,,,,,,,,,,,,,,,,,,,,,,,,,,,,,,,,,,,,,,,,,,,,,,,,,,,,,,,,,,,,,,,,,,,,,,,,,,,,,,,,,,,,,,,,,,,,,,,,,,,,,,,,,,,,,,,,,,,,,,,,,,,,,,,,,,,,,,,,,,,,,,,,,,,,,,,,,,,,,,,,,,,,,,,,,,
2023-09-11 12:08:00,,,,,,,,,,0.08,1.0,118.0,,,,,,,,,,,,,,,,0.24,6.0,179.0,,,,,,,7.08,,44.0,,,,,,,0.33,7.0,203.0,,,,,,,,,,,,,,,,0.39,3.0,135.0,,,,,,,,,,,,,,,,0.59,11.0,10.0,,,,,,,4.74,13.0,1.0,,,,,,,0.64,4.0,79.0,,,,,,,4.01,5.0,3.0,,,,,,,0.94,636.0,244.0,,,,,,,3.24,,182.0,,,,,,,1.23,47.0,39.0,,,,,,,2.33,48.0,339.0,,,,,,,1.57,53,150.0,,,,,,,2.27,53.0,140.0,,,,,,,2.25,37.0,63.0,,,,,,,1.8,44.0,132.0,,,,,,,2.8,,51.0,,,,,,,1.28,293,41.0,,,,,,,2.92,12.0,160.0,,,,,,,0.66,350.0,95.0,,,,,,,4.58,,3.0,,,,,,,0.44,42.0,311.0,,,,,,,5.36,,7.0,,,,,,,0.37,72,52.0,,,,,,,,,,,,,,,,0.25,13.0,80.0,,,,,,,,,,,,,,,,0.12,7.0,3.0,,,,,,,7.6,12.0,13.0,,,,,,,,,,,,,,,,8.19,2.0,,,,,,,,,,,,,,,,,9.19,1.0,,,,,,,,0.06,11.0,44.0,,,,,,,,,,,,,,,,,,,,,,,,,,,,,,,,,,0.09,,1.0,,,,,,,,,,,,,,,,0.04,,26.0,,,,,,,,,,,,,,,,,,,,,,,,,0.07,25.0,2.0,,,,,,,,,,,,,,,,0.09,8.0,1.0,,,,,,,,,,,,,,,,0.14,6.0,,,,,,,,9.39,8.0,8.0,,,,,,,0.22,45.0,469.0,,,,,,,,,,,,,,,,,,,,,,,,,,,,,,,,,,,,,,,,,,,,,,,,,,,,,,,,,,,,,,,,,,,,,,,,,,,,,,,,,,,,,,,,,,,,,,,,,,,,,,,,,,,,,,,,,,,,,,,,,,,,,,,,,,,,,,,,,,,,,,,,,,,,,,,,,,,,,,,,,,,,,,,,,,,,,,,,,,,,,,,,,,,,,,,,,,,,,,,,,,,,,,,,,,,,,,,,,,,,,,,,,,,,,,,,,,,,,,,,,,,,,,,,,,,,,,,,,,
2023-09-11 12:29:00,,,,,,,,,,0.08,1.0,118.0,,,,,,,,,,,,,,,,0.24,6.0,179.0,,,,,,,7.08,,44.0,,,,,,,0.33,7.0,203.0,,,,,,,,,,,,,,,,0.39,3.0,135.0,,,,,,,,,,,,,,,,0.55,14.0,10.0,,,,,,,4.74,13.0,1.0,,,,,,,0.75,5.0,79.0,,,,,,,4.01,5.0,3.0,,,,,,,0.96,641.0,244.0,,,,,,,3.24,,182.0,,,,,,,1.23,47.0,39.0,,,,,,,2.33,48.0,339.0,,,,,,,1.58,60,150.0,,,,,,,1.93,57.0,140.0,,,,,,,1.98,41.0,63.0,,,,,,,1.8,44.0,132.0,,,,,,,2.8,,51.0,,,,,,,0.99,294,41.0,,,,,,,3.26,13.0,160.0,,,,,,,0.66,350.0,95.0,,,,,,,4.58,,3.0,,,,,,,0.44,42.0,311.0,,,,,,,5.36,,7.0,,,,,,,0.37,72,52.0,,,,,,,,,,,,,,,,0.25,13.0,80.0,,,,,,,,,,,,,,,,0.12,7.0,3.0,,,,,,,7.6,12.0,13.0,,,,,,,,,,,,,,,,8.19,2.0,,,,,,,,,,,,,,,,,9.19,1.0,,,,,,,,0.06,11.0,44.0,,,,,,,,,,,,,,,,,,,,,,,,,,,,,,,,,,0.09,,1.0,,,,,,,,,,,,,,,,0.04,,26.0,,,,,,,,,,,,,,,,,,,,,,,,,0.07,25.0,2.0,,,,,,,,,,,,,,,,0.09,8.0,1.0,,,,,,,,,,,,,,,,0.14,6.0,,,,,,,,9.39,8.0,8.0,,,,,,,0.22,45.0,469.0,,,,,,,,,,,,,,,,,,,,,,,,,,,,,,,,,,,,,,,,,,,,,,,,,,,,,,,,,,,,,,,,,,,,,,,,,,,,,,,,,,,,,,,,,,,,,,,,,,,,,,,,,,,,,,,,,,,,,,,,,,,,,,,,,,,,,,,,,,,,,,,,,,,,,,,,,,,,,,,,,,,,,,,,,,,,,,,,,,,,,,,,,,,,,,,,,,,,,,,,,,,,,,,,,,,,,,,,,,,,,,,,,,,,,,,,,,,,,,,,,,,,,,,,,,,,,,,,,,
2023-09-11 13:49:00,,,,,,,,,,0.08,1.0,118.0,,,,,,,,,,,,,,,,0.24,6.0,179.0,,,,,,,7.08,,44.0,,,,,,,0.33,7.0,203.0,,,,,,,,,,,,,,,,0.39,3.0,135.0,,,,,,,,,,,,,,,,0.53,16.0,10.0,,,,,,,4.74,13.0,1.0,,,,,,,0.75,5.0,79.0,,,,,,,4.01,5.0,3.0,,,,,,,0.96,641.0,244.0,,,,,,,3.24,,182.0,,,,,,,1.25,48.0,39.0,,,,,,,2.63,72.0,339.0,,,,,,,1.53,64,150.0,,,,,,,1.86,72.0,140.0,,,,,,,1.98,41.0,63.0,,,,,,,1.51,46.0,132.0,,,,,,,2.8,,51.0,,,,,,,1.14,303,41.0,,,,,,,3.01,16.0,160.0,,,,,,,0.77,373.0,95.0,,,,,,,4.58,,3.0,,,,,,,0.53,90.0,311.0,,,,,,,5.36,,7.0,,,,,,,0.35,74,52.0,,,,,,,,,,,,,,,,0.25,13.0,80.0,,,,,,,,,,,,,,,,0.12,7.0,3.0,,,,,,,7.6,12.0,13.0,,,,,,,,,,,,,,,,8.19,2.0,,,,,,,,,,,,,,,,,9.19,1.0,,,,,,,,0.06,11.0,44.0,,,,,,,,,,,,,,,,,,,,,,,,,,,,,,,,,,0.09,,1.0,,,,,,,,,,,,,,,,0.04,,26.0,,,,,,,,,,,,,,,,,,,,,,,,,0.07,25.0,2.0,,,,,,,,,,,,,,,,0.09,8.0,1.0,,,,,,,,,,,,,,,,0.14,6.0,,,,,,,,9.39,8.0,8.0,,,,,,,0.22,45.0,469.0,,,,,,,,,,,,,,,,,,,,,,,,,,,,,,,,,,,,,,,,,,,,,,,,,,,,,,,,,,,,,,,,,,,,,,,,,,,,,,,,,,,,,,,,,,,,,,,,,,,,,,,,,,,,,,,,,,,,,,,,,,,,,,,,,,,,,,,,,,,,,,,,,,,,,,,,,,,,,,,,,,,,,,,,,,,,,,,,,,,,,,,,,,,,,,,,,,,,,,,,,,,,,,,,,,,,,,,,,,,,,,,,,,,,,,,,,,,,,,,,,,,,,,,,,,,,,,,,,,
2023-09-11 16:00:00,,,,0.94376,0.33425,0.01165,0.03922,-0.07679,0.03259,0.06,11.0,118.0,-0.02254,0.26356,0.00702,-0.00104,-0.02227,0.0155,,,,0.87941,0.22986,0.03011,0.03798,-0.09003,0.05795,0.24,9.0,179.0,-0.08767,0.1983,0.02775,-0.00404,-0.04907,0.04607,7.08,,44.0,0.8579,0.21771,0.03563,0.03724,-0.09428,0.06494,0.31,8.0,203.0,-0.11319,0.19233,0.03448,-0.00522,-0.05715,0.05552,,,,0.82807,0.20833,0.04222,0.0361,-0.10053,0.07364,0.41,28.0,135.0,-0.14382,0.18504,0.04233,-0.00663,-0.06463,0.06558,5.27,7.0,,0.78957,0.20064,0.04965,0.03457,-0.10764,0.0834,0.55,28.0,10.0,-0.18539,0.18003,0.05131,-0.00855,-0.07374,0.07732,4.74,13.0,1.0,0.74316,0.19291,0.05769,0.03266,-0.11377,0.09318,0.76,14.0,79.0,-0.23615,0.17487,0.06089,-0.0109,-0.082,0.08914,3.67,28.0,3.0,0.68685,0.18631,0.06568,0.0303,-0.11898,0.10246,0.96,641.0,244.0,-0.29802,0.17066,0.07019,-0.01377,-0.08925,0.10028,3.24,,182.0,0.62113,0.18048,0.07281,0.02748,-0.12207,0.11001,1.24,50.0,39.0,-0.36899,0.1657,0.07867,-0.01706,-0.09321,0.10912,2.32,90.0,339.0,0.54723,0.17546,0.078,0.02428,-0.12211,0.11457,1.57,96,150.0,-0.44933,0.16186,0.08447,-0.0208,-0.09408,0.11446,1.75,1328.0,140.0,0.46786,0.17128,0.08022,0.02081,-0.11841,0.11501,2.12,1295.0,63.0,-0.53525,0.15824,0.08676,-0.02482,-0.09044,0.11493,1.28,56.0,132.0,0.38725,0.16833,0.0786,0.01726,-0.11103,0.11076,2.48,2.0,51.0,-0.62272,0.15487,0.08474,-0.02892,-0.08215,0.10986,1.0,304,41.0,0.30893,0.16529,0.07364,0.0138,-0.09954,0.10191,3.05,19.0,160.0,-0.70702,0.15171,0.07829,-0.03291,-0.06969,0.09944,0.65,447.0,95.0,0.23754,0.1631,0.06549,0.01063,-0.08564,0.08943,4.58,,3.0,-0.78268,0.1493,0.06798,-0.03653,-0.05477,0.08498,0.42,114.0,311.0,0.17632,0.16173,0.05534,0.0079,-0.07076,0.07493,4.31,1.0,7.0,-0.84668,0.14717,0.05546,-0.03963,-0.03878,0.06834,0.28,77,52.0,0.12648,0.16092,0.04457,0.00567,-0.05615,0.06005,,,,-0.89619,0.14604,0.04257,-0.04209,-0.02403,0.05205,0.18,14.0,80.0,0.08891,0.16131,0.03447,0.00399,-0.04346,0.04656,6.21,2.0,,-0.90994,0.16191,0.03457,-0.04296,-0.02355,0.04687,0.12,7.0,3.0,0.06188,0.16281,0.0259,0.00278,-0.03315,0.03531,7.6,12.0,13.0,-0.9225,0.17571,0.02845,-0.04377,-0.02185,0.04184,0.09,26.0,,0.04548,0.16775,0.01969,0.00204,-0.02667,0.02766,8.19,2.0,,-0.93073,0.19068,0.02404,-0.04439,-0.02136,0.03838,,,,0.03342,0.17261,0.01489,0.0015,-0.0213,0.02152,9.19,1.0,,-0.93508,0.20781,0.02098,-0.04483,-0.02261,0.0365,0.05,21.0,44.0,0.02569,0.17909,0.01154,0.00115,-0.01772,0.0173,,,,-0.93878,0.22458,0.01854,-0.04525,-0.02374,0.03485,,,,0.02035,0.18633,0.00911,0.00091,-0.01512,0.01422,,,,-0.94183,0.24122,0.01658,-0.04563,-0.02492,0.03348,0.09,,1.0,0.01731,0.19569,0.00756,0.00078,-0.01381,0.01239,,,,-0.94481,0.25714,0.01492,-0.04601,-0.02572,0.03211,0.04,,26.0,0.01138,0.22342,0.00461,0.00051,-0.01094,0.00863,,,,-0.94919,0.30808,0.01165,-0.04695,-0.03078,0.03006,,,,0.95146,0.36608,0.00945,0.03909,-0.07504,0.02897,0.07,25.0,2.0,-0.01793,0.28813,0.00529,-0.00083,-0.0201,0.01277,,,,0.93452,0.30094,0.01458,0.03929,-0.0778,0.03674,0.09,8.0,1.0,-0.03078,0.24221,0.00992,-0.00142,-0.02648,0.02011,,,,0.91968,0.27064,0.01898,0.0391,-0.08102,0.043,0.14,6.0,,-0.04473,0.22284,0.01463,-0.00206,-0.03293,0.0273,9.39,8.0,8.0,0.89735,0.24149,0.02553,0.03857,-0.08548,0.05162,0.22,45.0,469.0,-0.06937,0.20606,0.02236,-0.0032,-0.04283,0.03858,,,,0.0126,0.19909,0.00566,0.00057,-0.01068,0.00943,,,,-0.94733,0.27295,0.01354,-0.04637,-0.02657,0.03093,,,,0.00691,0.23232,0.00287,0.00031,-0.00734,0.00558,,,,-0.95008,0.34383,0.01029,-0.04748,-0.03564,0.02963,,,,,,,,,,,,,,,,,,,,,,,,,,,,,,,,,,,,,,,,,,,,,,,,,,,,,,,,,,,,,,,,,,,,,,,,,,,,,,,,,,,,,,,,,,,,,,,,,,,,,,,,,,,,,,,,,,,,,,,,,,,,,,,,,,,,,,,,,,,,,,,,,,,,,,,,,,,,,,,,,,,,,,,,,,,,,,,,,,,,,,,,,,,,,,,,,,,,,,,,,,,,,,,,,,,,,,,,
2023-09-12 10:43:00,,,,,,,,,,0.06,3.0,122.0,,,,,,,,,,,,,,,,0.19,1.0,181.0,,,,,,,7.08,,44.0,,,,,,,0.25,41.0,211.0,,,,,,,,,,,,,,,,0.41,,163.0,,,,,,,5.27,,5.0,,,,,,,0.46,12.0,28.0,,,,,,,4.64,14.0,6.0,,,,,,,0.62,14.0,83.0,,,,,,,3.67,,31.0,,,,,,,0.74,1751.0,880.0,,,,,,,2.88,34.0,182.0,,,,,,,1.03,2765.0,85.0,,,,,,,2.65,14.0,363.0,,,,,,,1.45,37,216.0,,,,,,,2.0,2.0,1320.0,,,,,,,1.82,8.0,1311.0,,,,,,,1.4,13.0,175.0,,,,,,,2.38,5.0,51.0,,,,,,,0.9,23,137.0,,,,,,,3.05,,160.0,,,,,,,0.77,1.0,207.0,,,,,,,3.45,1.0,3.0,,,,,,,0.42,119.0,388.0,,,,,,,4.31,,8.0,,,,,,,0.32,26,75.0,,,,,,,,,,,,,,,,0.19,1.0,87.0,,,,,,,6.21,,1.0,,,,,,,0.14,41.0,8.0,,,,,,,7.6,,11.0,,,,,,,0.09,,26.0,,,,,,,8.19,,1.0,,,,,,,0.06,41.0,,,,,,,,9.19,,,,,,,,,0.05,,60.0,,,,,,,,,,,,,,,,0.04,10.0,,,,,,,,,,,,,,,,,0.09,,1.0,,,,,,,,,,,,,,,,0.04,,26.0,,,,,,,,,,,,,,,,,,,,,,,,,0.07,,27.0,,,,,,,,,,,,,,,,0.09,,8.0,,,,,,,,,,,,,,,,0.09,1.0,6.0,,,,,,,9.39,,8.0,,,,,,,0.16,40.0,474.0,,,,,,,,,,,,,,,,,,,,,,,,,,,,,,,,,,,,,,,,,,,,,,,,,,,,,,,,,,,,,,,,,,,,,,,,,,,,,,,,,,,,,,,,,,,,,,,,,,,,,,,,,,,,,,,,,,,,,,,,,,,,,,,,,,,,,,,,,,,,,,,,,,,,,,,,,,,,,,,,,,,,,,,,,,,,,,,,,,,,,,,,,,,,,,,,,,,,,,,,,,,,,,,,,,,,,,,,,,,,,,,,,,,,,,,,,,,,,,,,,,,,,,,,,,,,,,,,,,
2023-09-12 11:04:00,,,,,,,,,,0.06,3.0,122.0,,,,,,,,,,,,,,,,0.19,1.0,181.0,,,,,,,7.08,,44.0,,,,,,,0.25,41.0,211.0,,,,,,,,,,,,,,,,0.41,,163.0,,,,,,,5.27,,5.0,,,,,,,0.49,28.0,28.0,,,,,,,4.64,14.0,6.0,,,,,,,0.68,3014.0,83.0,,,,,,,3.67,,31.0,,,,,,,0.74,1751.0,880.0,,,,,,,2.9,35.0,182.0,,,,,,,1.03,2765.0,85.0,,,,,,,2.4,15.0,363.0,,,,,,,1.45,37,216.0,,,,,,,1.7,7.0,1320.0,,,,,,,1.82,8.0,1311.0,,,,,,,1.29,16.0,175.0,,,,,,,2.38,5.0,51.0,,,,,,,0.92,24,137.0,,,,,,,3.05,,160.0,,,,,,,0.59,28.0,207.0,,,,,,,3.45,1.0,3.0,,,,,,,0.4,149.0,388.0,,,,,,,4.31,,8.0,,,,,,,0.32,26,75.0,,,,,,,,,,,,,,,,0.19,1.0,87.0,,,,,,,6.21,,1.0,,,,,,,0.14,41.0,8.0,,,,,,,7.6,,11.0,,,,,,,0.09,,26.0,,,,,,,8.19,,1.0,,,,,,,0.06,41.0,,,,,,,,9.19,,,,,,,,,0.05,,60.0,,,,,,,,,,,,,,,,0.04,10.0,,,,,,,,,,,,,,,,,0.09,,1.0,,,,,,,,,,,,,,,,0.04,,26.0,,,,,,,,,,,,,,,,,,,,,,,,,0.07,,27.0,,,,,,,,,,,,,,,,0.09,,8.0,,,,,,,,,,,,,,,,0.09,1.0,6.0,,,,,,,9.39,,8.0,,,,,,,0.16,40.0,474.0,,,,,,,,,,,,,,,,,,,,,,,,,,,,,,,,,,,,,,,,,,,,,,,,,,,,,,,,,,,,,,,,,,,,,,,,,,,,,,,,,,,,,,,,,,,,,,,,,,,,,,,,,,,,,,,,,,,,,,,,,,,,,,,,,,,,,,,,,,,,,,,,,,,,,,,,,,,,,,,,,,,,,,,,,,,,,,,,,,,,,,,,,,,,,,,,,,,,,,,,,,,,,,,,,,,,,,,,,,,,,,,,,,,,,,,,,,,,,,,,,,,,,,,,,,,,,,,,,,
2023-09-12 11:26:00,,,,,,,,,,0.06,3.0,122.0,,,,,,,,,,,,,,,,0.19,1.0,181.0,,,,,,,7.08,,44.0,,,,,,,0.32,43.0,211.0,,,,,,,,,,,,,,,,0.41,,163.0,,,,,,,5.27,,5.0,,,,,,,0.49,28.0,28.0,,,,,,,4.64,14.0,6.0,,,,,,,0.68,3014.0,83.0,,,,,,,3.67,,31.0,,,,,,,0.74,1751.0,880.0,,,,,,,2.7,38.0,182.0,,,,,,,1.35,2845.0,85.0,,,,,,,2.4,15.0,363.0,,,,,,,1.45,37,216.0,,,,,,,1.57,10.0,1320.0,,,,,,,1.82,8.0,1311.0,,,,,,,1.18,17.0,175.0,,,,,,,2.8,7.0,51.0,,,,,,,0.8,26,137.0,,,,,,,3.36,2.0,160.0,,,,,,,0.56,47.0,207.0,,,,,,,3.45,1.0,3.0,,,,,,,0.34,154.0,388.0,,,,,,,4.31,,8.0,,,,,,,0.23,28,75.0,,,,,,,,,,,,,,,,0.15,3.0,87.0,,,,,,,6.21,,1.0,,,,,,,0.14,41.0,8.0,,,,,,,7.6,,11.0,,,,,,,0.09,,26.0,,,,,,,8.19,,1.0,,,,,,,0.06,41.0,,,,,,,,9.19,,,,,,,,,0.05,,60.0,,,,,,,,,,,,,,,,0.04,10.0,,,,,,,,,,,,,,,,,0.09,,1.0,,,,,,,,,,,,,,,,0.04,,26.0,,,,,,,,,,,,,,,,,,,,,,,,,0.07,,27.0,,,,,,,,,,,,,,,,0.09,,8.0,,,,,,,,,,,,,,,,0.09,1.0,6.0,,,,,,,9.39,,8.0,,,,,,,0.16,40.0,474.0,,,,,,,,,,,,,,,,,,,,,,,,,,,,,,,,,,,,,,,,,,,,,,,,,,,,,,,,,,,,,,,,,,,,,,,,,,,,,,,,,,,,,,,,,,,,,,,,,,,,,,,,,,,,,,,,,,,,,,,,,,,,,,,,,,,,,,,,,,,,,,,,,,,,,,,,,,,,,,,,,,,,,,,,,,,,,,,,,,,,,,,,,,,,,,,,,,,,,,,,,,,,,,,,,,,,,,,,,,,,,,,,,,,,,,,,,,,,,,,,,,,,,,,,,,,,,,,,,,
2023-09-12 11:48:00,,,,,,,,,,0.06,3.0,122.0,,,,,,,,,,,,,,,,0.19,1.0,181.0,,,,,,,7.08,,44.0,,,,,,,0.27,47.0,211.0,,,,,,,,,,,,,,,,0.41,,163.0,,,,,,,5.27,,5.0,,,,,,,0.47,32.0,28.0,,,,,,,4.64,14.0,6.0,,,,,,,0.68,3014.0,83.0,,,,,,,3.67,,31.0,,,,,,,0.85,1759.0,880.0,,,,,,,2.7,38.0,182.0,,,,,,,1.16,2849.0,85.0,,,,,,,2.3,28.0,363.0,,,,,,,1.45,37,216.0,,,,,,,1.7,17.0,1320.0,,,,,,,2.13,9.0,1311.0,,,,,,,1.26,22.0,175.0,,,,,,,2.48,15.0,51.0,,,,,,,0.88,27,137.0,,,,,,,3.36,2.0,160.0,,,,,,,0.56,47.0,207.0,,,,,,,3.45,1.0,3.0,,,,,,,0.4,191.0,388.0,,,,,,,4.31,,8.0,,,,,,,0.23,28,75.0,,,,,,,,,,,,,,,,0.15,3.0,87.0,,,,,,,6.21,,1.0,,,,,,,0.14,41.0,8.0,,,,,,,7.64,5.0,11.0,,,,,,,0.07,1.0,26.0,,,,,,,8.19,,1.0,,,,,,,0.06,43.0,,,,,,,,9.19,,,,,,,,,0.05,,60.0,,,,,,,,,,,,,,,,0.04,10.0,,,,,,,,,,,,,,,,,0.09,,1.0,,,,,,,,,,,,,,,,0.04,,26.0,,,,,,,,,,,,,,,,,,,,,,,,,0.07,,27.0,,,,,,,,,,,,,,,,0.09,,8.0,,,,,,,,,,,,,,,,0.09,1.0,6.0,,,,,,,9.39,,8.0,,,,,,,0.15,43.0,474.0,,,,,,,,,,,,,,,,,,,,,,,,,,,,,,,,,,,,,,,,,,,,,,,,,,,,,,,,,,,,,,,,,,,,,,,,,,,,,,,,,,,,,,,,,,,,,,,,,,,,,,,,,,,,,,,,,,,,,,,,,,,,,,,,,,,,,,,,,,,,,,,,,,,,,,,,,,,,,,,,,,,,,,,,,,,,,,,,,,,,,,,,,,,,,,,,,,,,,,,,,,,,,,,,,,,,,,,,,,,,,,,,,,,,,,,,,,,,,,,,,,,,,,,,,,,,,,,,,,
2023-09-12 16:00:00,,,,0.92831,0.38073,0.01314,0.03422,-0.10445,0.03714,0.06,3.0,122.0,-0.02278,0.2765,0.00717,-0.00093,-0.02503,0.01473,,,,0.86169,0.25647,0.03153,0.03303,-0.11204,0.06005,0.17,7.0,181.0,-0.08683,0.204,0.02844,-0.00355,-0.05326,0.04309,7.08,,44.0,0.8387,0.24315,0.03687,0.0323,-0.11663,0.06656,0.27,64.0,211.0,-0.11205,0.19684,0.03552,-0.00458,-0.06172,0.05192,6.34,1.0,,0.81068,0.22969,0.04321,0.03137,-0.12087,0.0737,0.4,8.0,163.0,-0.1448,0.19003,0.04397,-0.00592,-0.0709,0.06204,5.27,,5.0,0.77395,0.21842,0.05048,0.03008,-0.12624,0.08187,0.4,74.0,28.0,-0.18701,0.18383,0.05364,-0.00765,-0.08051,0.07322,4.64,14.0,6.0,0.72782,0.20868,0.05834,0.0284,-0.13161,0.09039,0.72,3526.0,83.0,-0.23924,0.1775,0.06415,-0.0098,-0.08915,0.08456,3.67,,31.0,0.6718,0.20014,0.06622,0.02631,-0.13584,0.09841,0.97,1775.0,880.0,-0.30419,0.17261,0.07437,-0.01247,-0.0969,0.09532,2.66,87.0,182.0,0.60627,0.1921,0.07346,0.02383,-0.13738,0.10478,1.29,2922.0,85.0,-0.37948,0.16711,0.08356,-0.01557,-0.10086,0.10369,2.21,197.0,363.0,0.53169,0.18631,0.0783,0.02096,-0.13635,0.10833,1.58,62,216.0,-0.46475,0.16187,0.09007,-0.01909,-0.10037,0.10825,1.66,65.0,1320.0,0.45154,0.1804,0.08053,0.01784,-0.13035,0.10788,2.12,23.0,1311.0,-0.55702,0.15641,0.09261,-0.02291,-0.09412,0.10756,1.14,39.0,175.0,0.36989,0.17614,0.07864,0.01465,-0.12041,0.10285,2.41,16.0,51.0,-0.65155,0.15139,0.08959,-0.02684,-0.08234,0.10072,0.79,596,137.0,0.29144,0.17267,0.07291,0.01156,-0.10657,0.09348,2.89,4.0,160.0,-0.74539,0.14444,0.08145,-0.03076,-0.06396,0.08736,0.57,97.0,207.0,0.22065,0.17004,0.064,0.00877,-0.0902,0.08081,3.45,1.0,3.0,-0.83058,0.13748,0.06731,-0.03436,-0.04235,0.06871,0.35,572.0,388.0,0.15984,0.16767,0.05321,0.00636,-0.07258,0.06625,4.31,,8.0,-0.89131,0.13565,0.05032,-0.037,-0.02495,0.05069,0.23,92,75.0,0.1123,0.16678,0.04199,0.00447,-0.05643,0.052,,,,-0.9439,0.12781,0.0323,-0.03931,-0.00528,0.03065,0.17,8.0,87.0,0.07664,0.16667,0.03168,0.00306,-0.04237,0.03921,6.21,,1.0,-0.98679,0.1073,0.01137,-0.04124,0.01412,0.00906,0.12,82.0,8.0,0.05406,0.17004,0.02368,0.00216,-0.03285,0.0299,7.64,5.0,11.0,-0.9865,0.12348,0.01007,-0.04145,0.01321,0.00923,0.08,17.0,26.0,0.03746,0.17308,0.01732,0.0015,-0.02483,0.02226,8.19,,1.0,-0.99968,0.01,0.0,-0.0422,0.02074,0.0,0.05,60.0,,0.02916,0.18114,0.01346,0.00116,-0.02109,0.01811,9.19,,,-0.99968,0.01,0.0,-0.04242,0.02089,0.0,0.03,15.0,60.0,0.01939,0.18273,0.00947,0.00077,-0.01506,0.01285,,,,-0.99968,0.01,0.0,-0.04264,0.02103,0.0,0.04,10.0,,0.01402,0.18758,0.00699,0.00056,-0.0117,0.00974,,,,-0.99968,0.01,0.0,-0.04285,0.02118,0.0,0.09,,1.0,0.01319,0.20089,0.00619,0.00053,-0.01187,0.00924,,,,-0.99968,0.01,0.0,-0.04307,0.02133,0.0,0.04,,26.0,0.00751,0.2251,0.00338,0.0003,-0.0081,0.00565,,,,-0.99752,0.19222,0.0013,-0.04364,0.01949,0.00185,,,,0.93695,0.41782,0.01083,0.03413,-0.10373,0.03361,0.07,,27.0,-0.01555,0.29388,0.00488,-0.00064,-0.01926,0.01065,,,,0.91749,0.343,0.01623,0.03421,-0.10479,0.04134,0.09,,8.0,-0.03116,0.25369,0.01015,-0.00128,-0.02975,0.01913,,,,0.90216,0.30639,0.02064,0.03403,-0.10605,0.04695,0.11,21.0,6.0,-0.04404,0.23097,0.0148,-0.0018,-0.03581,0.02539,9.39,,8.0,0.87893,0.27176,0.02713,0.03351,-0.10897,0.05475,0.19,75.0,474.0,-0.06798,0.212,0.02272,-0.00278,-0.0461,0.03578,,,,0.01247,0.21401,0.00554,0.0005,-0.01202,0.0088,,,,-0.99933,0.14238,0.00034,-0.04328,0.02115,0.00035,,,,0.00686,0.24906,0.00282,0.00027,-0.00826,0.00521,,,,-0.98577,0.27858,0.00468,-0.04361,0.00492,0.00967,,,,,,,,,,,,,,,,,,,,,,0.94066,0.43614,0.00989,0.03407,-0.10323,0.03204,,,,-0.01481,0.31015,0.00443,-0.00061,-0.01951,0.01021,,,,0.93352,0.39793,0.01185,0.03421,-0.10316,0.03503,,,,-0.01906,0.28602,0.00596,-0.00078,-0.02228,0.01267,,,,0.92504,0.35862,0.01443,0.03431,-0.1023,0.03843,,,,-0.02547,0.26265,0.00829,-0.00104,-0.02608,0.01618,,,,0.91052,0.32456,0.01823,0.03415,-0.1053,0.04394,0.09,3.0,,-0.03597,0.24075,0.01204,-0.00147,-0.03172,0.02153,,,,0.89127,0.2895,0.02359,0.0338,-0.10781,0.0507,0.14,11.0,,-0.05421,0.22108,0.01825,-0.00222,-0.04038,0.02997,,,,0.00789,0.21292,0.00373,0.00031,-0.00801,0.0059,,,,-0.99968,0.01,0.0,-0.04351,0.02162,0.0,,,,0.00717,0.23716,0.00308,0.00029,-0.00818,0.00542,,,,-0.99968,0.01,0.0,-0.04395,0.02191,0.0,,,,,,,,,,,,,,,,,,,,,,0.94296,0.45719,0.00915,0.03394,-0.10453,0.03106,,,,-0.01164,0.31536,0.00354,-0.00048,-0.01613,0.00829,,,,,,,,,,,,,,,,,,,,,,,,,,,,,,,,,,,,
2023-09-13 12:01:00,,,,,,,,,,0.03,2.0,123.0,,,,,,,,,,,,,,,,0.19,22.0,188.0,,,,,,,6.1,4.0,44.0,,,,,,,0.24,17.0,267.0,,,,,,,5.24,1.0,1.0,,,,,,,0.34,27.0,167.0,,,,,,,5.27,,5.0,,,,,,,0.43,34.0,78.0,,,,,,,4.64,,15.0,,,,,,,0.63,102.0,3507.0,,,,,,,2.85,4.0,31.0,,,,,,,0.92,137.0,2643.0,,,,,,,2.25,61.0,154.0,,,,,,,1.3,518.0,2771.0,,,,,,,1.57,21257.0,392.0,,,,,,,1.6,141,219.0,,,,,,,1.11,165.0,1338.0,,,,,,,2.12,27.0,1311.0,,,,,,,0.78,207.0,189.0,,,,,,,2.73,6.0,51.0,,,,,,,0.46,162,638.0,,,,,,,3.45,10.0,163.0,,,,,,,0.3,111.0,219.0,,,,,,,4.75,1.0,4.0,,,,,,,0.2,24.0,899.0,,,,,,,4.31,,8.0,,,,,,,0.11,77,103.0,,,,,,,,,,,,,,,,0.08,24.0,86.0,,,,,,,6.21,,1.0,,,,,,,0.07,2.0,88.0,,,,,,,7.64,,14.0,,,,,,,0.04,1.0,38.0,,,,,,,8.19,,1.0,,,,,,,0.03,3.0,60.0,,,,,,,9.19,,,,,,,,,0.03,18.0,64.0,,,,,,,,,,,,,,,,0.04,,10.0,,,,,,,,,,,,,,,,0.09,,1.0,,,,,,,,,,,,,,,,0.04,,26.0,,,,,,,,,,,,,,,,,,,,,,,,,0.07,,27.0,,,,,,,,,,,,,,,,0.09,,8.0,,,,,,,,,,,,,,,,0.11,2.0,27.0,,,,,,,9.39,,8.0,,,,,,,0.14,3.0,518.0,,,,,,,,,,,,,,,,,,,,,,,,,,,,,,,,,,,,,,,,,,,,,,,,,,,,,,,,,,,,,,,,,,,,,,,,,,,,,,,,,,,,,,,,,,,,,,,,,,,,,,,,,,,,,,,,,,,,,,,,,,,,0.07,15.0,3.0,,,,,,,,,,,,,,,,0.12,3.0,11.0,,,,,,,,,,,,,,,,,,,,,,,,,0.02,2.0,,,,,,,,,,,,,,,,,,,,,,,,,,,,,,,,,,,,,,,,,,,,,,,,,,,,,,,,,,,,,,,,,,,,,,,,,,,,,,,,,,,,,,,,
2023-09-13 12:54:00,,,,,,,,,,0.03,2.0,123.0,,,,,,,,,,,,,,,,0.19,23.0,188.0,,,,,,,6.1,4.0,44.0,,,,,,,0.26,32.0,267.0,,,,,,,5.24,1.0,1.0,,,,,,,0.35,40.0,167.0,,,,,,,5.27,,5.0,,,,,,,0.47,51.0,78.0,,,,,,,4.64,,15.0,,,,,,,0.65,109.0,3507.0,,,,,,,2.8,5.0,31.0,,,,,,,0.89,154.0,2643.0,,,,,,,2.13,65.0,154.0,,,,,,,1.25,520.0,2771.0,,,,,,,1.5,21296.0,392.0,,,,,,,1.75,145,219.0,,,,,,,1.07,205.0,1338.0,,,,,,,2.29,30.0,1311.0,,,,,,,0.75,218.0,189.0,,,,,,,3.14,9.0,51.0,,,,,,,0.47,173,638.0,,,,,,,3.6,11.0,163.0,,,,,,,0.27,126.0,219.0,,,,,,,4.57,3.0,4.0,,,,,,,0.16,30.0,899.0,,,,,,,4.31,,8.0,,,,,,,0.11,78,103.0,,,,,,,,,,,,,,,,0.08,24.0,86.0,,,,,,,6.21,,1.0,,,,,,,0.07,2.0,88.0,,,,,,,7.64,,14.0,,,,,,,0.04,1.0,38.0,,,,,,,8.19,,1.0,,,,,,,0.03,3.0,60.0,,,,,,,9.19,,,,,,,,,0.03,18.0,64.0,,,,,,,,,,,,,,,,0.04,,10.0,,,,,,,,,,,,,,,,0.09,,1.0,,,,,,,,,,,,,,,,0.04,,26.0,,,,,,,,,,,,,,,,,,,,,,,,,0.07,,27.0,,,,,,,,,,,,,,,,0.09,,8.0,,,,,,,,,,,,,,,,0.09,8.0,27.0,,,,,,,9.39,,8.0,,,,,,,0.14,3.0,518.0,,,,,,,0.02,4.0,,,,,,,,,,,,,,,,,,,,,,,,,,,,,,,,,,,,,,,,,,,,,,,,,,,,,,,,,,,,,,,,,,,,,,,,,,,,,,,,0.03,4.0,,,,,,,,,,,,,,,,,,,,,,,,,,,,,,,,,,,0.07,15.0,3.0,,,,,,,,,,,,,,,,0.1,5.0,11.0,,,,,,,,,,,,,,,,,,,,,,,,,0.02,2.0,,,,,,,,,,,,,,,,,,,,,,,,,,,,,,,,,,,,,,,,,,,,,,,,,,,,,,,,,,,,,,,,,,,,,,,,,,,,,,,,,,,,,,,,
2023-09-13 16:00:00,,,,0.96928,0.28942,0.0094,0.03144,-0.05295,0.01744,0.04,3.0,123.0,-0.01535,0.25032,0.00609,-0.00054,-0.01721,0.00978,,,,0.89189,0.20019,0.03657,0.03003,-0.08355,0.04693,0.21,38.0,188.0,-0.09494,0.18881,0.03533,-0.00337,-0.05589,0.04278,5.87,5.0,44.0,0.85985,0.19143,0.04589,0.02908,-0.09297,0.05632,0.33,587.0,267.0,-0.12857,0.18239,0.04545,-0.00456,-0.06681,0.05315,4.24,2.0,1.0,0.81986,0.18144,0.05708,0.02785,-0.10139,0.0664,0.41,210.0,167.0,-0.17319,0.17634,0.05735,-0.00615,-0.07837,0.06483,5.27,,5.0,0.76319,0.17529,0.06948,0.02603,-0.11214,0.07808,0.59,103.0,78.0,-0.23124,0.17103,0.07032,-0.00822,-0.08977,0.07711,3.32,3.0,15.0,0.69251,0.16994,0.08165,0.0237,-0.12112,0.08896,0.97,112.0,3507.0,-0.303,0.16579,0.08319,-0.01077,-0.09887,0.08842,2.27,197.0,31.0,0.60917,0.16436,0.09221,0.02091,-0.12571,0.09717,1.19,211.0,2643.0,-0.3883,0.16066,0.09418,-0.01382,-0.10381,0.09701,1.6,299.0,154.0,0.51462,0.16065,0.09798,0.01771,-0.12569,0.10092,1.54,569.0,2771.0,-0.48497,0.15721,0.10013,-0.01729,-0.10387,0.10091,1.19,21518.0,392.0,0.41494,0.15627,0.0985,0.01431,-0.11818,0.09869,2.24,169,219.0,-0.58685,0.15284,0.1006,-0.02095,-0.09611,0.09857,0.82,301.0,1338.0,0.31753,0.15338,0.09177,0.01097,-0.10504,0.09024,2.65,37.0,1311.0,-0.68582,0.15029,0.0932,-0.02454,-0.08288,0.0898,0.5,422.0,189.0,0.22958,0.15103,0.07931,0.00795,-0.08734,0.07679,3.67,11.0,51.0,-0.77345,0.14889,0.0798,-0.02775,-0.06566,0.07617,0.31,200,638.0,0.1574,0.14979,0.06346,0.00546,-0.0683,0.06094,4.36,21.0,163.0,-0.84949,0.1455,0.06335,-0.03056,-0.04445,0.05909,0.2,271.0,219.0,0.10663,0.15188,0.0478,0.0037,-0.05261,0.04656,5.04,32.0,4.0,-0.89632,0.1498,0.04741,-0.03238,-0.0307,0.04553,0.1,180.0,899.0,0.07198,0.15554,0.03482,0.0025,-0.04001,0.03474,4.31,,8.0,-0.91826,0.1628,0.03656,-0.03333,-0.02578,0.03816,0.09,98,103.0,0.05015,0.16142,0.02529,0.00174,-0.03118,0.02618,,,,-0.92694,0.18197,0.03002,-0.03383,-0.02663,0.03503,0.06,188.0,86.0,0.0336,0.16563,0.01782,0.00117,-0.02306,0.01892,6.21,,1.0,-0.92961,0.20486,0.02592,-0.03411,-0.03071,0.03404,0.05,15.0,88.0,0.02667,0.17627,0.01382,0.00093,-0.0202,0.01562,8.41,1.0,14.0,-0.93474,0.22409,0.02234,-0.03448,-0.03204,0.03209,0.04,1.0,38.0,0.02047,0.18487,0.01055,0.00071,-0.01692,0.01251,8.19,,1.0,-0.93853,0.24355,0.01962,-0.03481,-0.03373,0.03063,0.03,3.0,60.0,0.01909,0.20012,0.00918,0.00066,-0.01723,0.01179,9.19,,,-0.93384,0.27369,0.01849,-0.03485,-0.04382,0.03244,0.03,18.0,64.0,0.01382,0.20516,0.00679,0.00048,-0.01337,0.00894,,,,-0.94529,0.2803,0.01554,-0.03543,-0.03596,0.02793,0.02,5.0,10.0,0.01302,0.21943,0.00603,0.00045,-0.01357,0.00849,,,,-0.94761,0.29891,0.01408,-0.0357,-0.03747,0.02699,0.09,,1.0,0.01232,0.23351,0.0054,0.00043,-0.01375,0.00809,,,,-0.9496,0.31736,0.01286,-0.03596,-0.03897,0.02616,0.04,,26.0,0.00709,0.25813,0.00302,0.00025,-0.00935,0.00499,,,,-0.95504,0.3699,0.01006,-0.03673,-0.04218,0.02386,,,,0.97666,0.31547,0.00684,0.03132,-0.04792,0.01383,0.07,,27.0,-0.01053,0.27188,0.00405,-0.00037,-0.01352,0.00706,,,,0.9603,0.25995,0.01294,0.0315,-0.05706,0.02156,0.07,4.0,8.0,-0.02459,0.23171,0.00982,-0.00087,-0.0237,0.01459,,,,0.94645,0.23068,0.01857,0.03139,-0.0623,0.02746,0.1,229.0,27.0,-0.04229,0.21559,0.01651,-0.0015,-0.03437,0.02282,9.39,,8.0,0.91563,0.20977,0.02906,0.03068,-0.07531,0.03908,0.16,5.0,518.0,-0.06999,0.19557,0.02711,-0.00248,-0.04617,0.034,0.02,4.0,,0.0078,0.23217,0.00365,0.00027,-0.00916,0.00543,,,,-0.95195,0.33443,0.01174,-0.03624,-0.03962,0.02518,,,,,,,,,,,,,,,,,,,,,,,,,,,,,,,,,,,,,,,,0.97744,0.33511,0.00625,0.03115,-0.04878,0.01343,,,,-0.00998,0.28833,0.00364,-0.00035,-0.01369,0.00674,,,,0.97279,0.30381,0.00809,0.03137,-0.051,0.01575,0.03,4.0,,-0.01446,0.26741,0.00542,-0.00051,-0.01749,0.00929,,,,0.96482,0.27551,0.01105,0.03147,-0.05537,0.01952,,,,-0.01979,0.2421,0.00783,-0.0007,-0.02065,0.01215,,,,0.9549,0.24415,0.01528,0.0315,-0.05878,0.02392,0.07,21.0,3.0,-0.03312,0.22523,0.01294,-0.00118,-0.02946,0.0187,,,,0.93356,0.21963,0.02311,0.03113,-0.06801,0.03255,0.12,111.0,11.0,-0.05243,0.2035,0.02078,-0.00186,-0.03844,0.02712,,,,0.00743,0.24521,0.00331,0.00026,-0.00926,0.0052,,,,-0.95386,0.35167,0.01081,-0.03649,-0.04051,0.02437,0.02,2.0,,0.00679,0.27091,0.00277,0.00024,-0.00944,0.0048,,,,-0.95655,0.38688,0.00936,-0.03697,-0.04309,0.02321,,,,,,,,,,,,,,,,,,,,,,0.98098,0.34462,0.00525,0.03109,-0.0451,0.0116,,,,-0.00948,0.30478,0.0033,-0.00034,-0.01386,0.00644,,,,0.98269,0.35925,0.00464,0.03096,-0.04387,0.01069,,,,-0.00602,0.3021,0.00223,-0.00021,-0.00921,0.00432,,,,,,,,,,,,,,,,,,
2023-09-14 11:05:00,,,,,,,,,,0.03,10.0,124.0,,,,,,,,,,,,,,,,0.09,21.0,210.0,,,,,,,6.72,8.0,40.0,,,,,,,0.19,22.0,721.0,,,,,,,4.24,,1.0,,,,,,,0.22,137.0,312.0,,,,,,,5.3,30.0,5.0,,,,,,,0.23,93.0,116.0,,,,,,,4.31,103.0,18.0,,,,,,,0.37,100.0,3528.0,,,,,,,3.8,3.0,175.0,,,,,,,0.45,153.0,2657.0,,,,,,,3.01,41.0,383.0,,,,,,,0.65,591.0,3190.0,,,,,,,2.5,806.0,7742.0,,,,,,,1.31,531,212.0,,,,,,,1.82,488.0,1346.0,,,,,,,1.37,310.0,1310.0,,,,,,,1.34,207.0,354.0,,,,,,,2.38,3074.0,56.0,,,,,,,0.8,297,761.0,,,,,,,2.85,11.0,173.0,,,,,,,0.43,59.0,310.0,,,,,,,3.6,2.0,33.0,,,,,,,0.37,104.0,967.0,,,,,,,3.89,5.0,1.0,,,,,,,0.24,163,119.0,,,,,,,4.41,1.0,,,,,,,,0.14,129.0,249.0,,,,,,,6.21,,1.0,,,,,,,0.09,209.0,88.0,,,,,,,7.39,3.0,10.0,,,,,,,0.06,109.0,39.0,,,,,,,8.19,,,,,,,,,0.03,,63.0,,,,,,,9.19,,,,,,,,,0.04,4.0,82.0,,,,,,,,,,,,,,,,0.03,1.0,15.0,,,,,,,,,,,,,,,,0.09,,1.0,,,,,,,,,,,,,,,,0.02,6.0,26.0,,,,,,,,,,,,,,,,,,,,,,,,,0.07,,27.0,,,,,,,,,,,,,,,,0.07,,12.0,,,,,,,,,,,,,,,,0.05,81.0,252.0,,,,,,,9.39,,8.0,,,,,,,0.09,11.0,520.0,,,,,,,0.02,,4.0,,,,,,,,,,,,,,,,,,,,,,,,,,,,,,,,,,,,,,,,,,,,,,,,,,,,,,,,,,,,,,,,,,,,,,,,,,,,,,,0.03,,4.0,,,,,,,,,,,,,,,,0.03,23.0,,,,,,,,,,,,,,,,,0.07,,13.0,,,,,,,,,,,,,,,,0.07,1.0,120.0,,,,,,,,,,,,,,,,,,,,,,,,,0.02,,2.0,,,,,,,,,,,,,,,,,,,,,,,,,,,,,,,,,,,,,,,,,,,,,,,,,,,,,,,,,,,,,,,,,,,,,,,,,,,,,,,,,,,,,,,
2023-09-14 16:00:00,,,,0.94872,0.42815,0.0103,0.02628,-0.10529,0.02492,0.01,12.0,124.0,-0.00682,0.28104,0.00285,-0.00021,-0.01048,0.00453,,,,0.91235,0.27873,0.02398,0.02631,-0.1044,0.03777,0.06,23.0,210.0,-0.03355,0.20529,0.01529,-0.00103,-0.02973,0.01774,7.52,16.0,40.0,0.90112,0.25868,0.02826,0.02613,-0.10562,0.0413,0.08,538.0,721.0,-0.04435,0.19482,0.02023,-0.00136,-0.03533,0.02227,4.24,,1.0,0.88613,0.2395,0.03381,0.02584,-0.10775,0.04574,0.15,147.0,312.0,-0.05656,0.18153,0.02636,-0.00174,-0.03984,0.02703,5.3,30.0,5.0,0.86517,0.22187,0.04108,0.02536,-0.1114,0.0515,0.17,195.0,116.0,-0.07797,0.17189,0.03568,-0.0024,-0.04818,0.03465,4.64,104.0,18.0,0.83454,0.20706,0.05048,0.02457,-0.11763,0.05905,0.25,181.0,3528.0,-0.11361,0.16605,0.04875,-0.0035,-0.06114,0.04574,3.74,5.0,175.0,0.79144,0.19473,0.06196,0.02341,-0.12566,0.06818,0.39,210.0,2657.0,-0.16265,0.16,0.06466,-0.00501,-0.07484,0.05845,3.4,54.0,383.0,0.73343,0.18457,0.07484,0.02178,-0.13407,0.07805,0.5,689.0,3190.0,-0.23049,0.15534,0.08233,-0.0071,-0.08912,0.07225,2.55,1160.0,7742.0,0.65989,0.17542,0.08785,0.01966,-0.14001,0.08707,0.76,827,212.0,-0.31641,0.15046,0.0995,-0.00976,-0.09994,0.08459,1.87,762.0,1346.0,0.56974,0.1701,0.09713,0.01703,-0.14338,0.09335,1.12,821.0,1310.0,-0.42,0.14612,0.11252,-0.01297,-0.10495,0.0929,1.41,1732.0,354.0,0.47019,0.16448,0.10174,0.01409,-0.13879,0.09454,1.53,11473.0,56.0,-0.53566,0.14145,0.11815,-0.01656,-0.10081,0.09442,0.92,646,761.0,0.36794,0.16076,0.09861,0.01105,-0.12725,0.08957,2.31,59.0,173.0,-0.65435,0.13744,0.11281,-0.02027,-0.08742,0.0876,0.62,429.0,310.0,0.27193,0.15801,0.08834,0.00818,-0.10924,0.07886,3.6,2.0,33.0,-0.76916,0.13082,0.09778,-0.02387,-0.0635,0.07228,0.35,214.0,967.0,0.18994,0.1564,0.07297,0.00572,-0.08783,0.06449,3.66,17.0,1.0,-0.86915,0.12278,0.07272,-0.02704,-0.03421,0.05044,0.21,198,119.0,0.12594,0.15582,0.05586,0.0038,-0.0664,0.04919,4.41,1.0,,-0.9289,0.12191,0.04677,-0.02901,-0.014,0.03222,0.13,1153.0,249.0,0.08054,0.15663,0.04013,0.00243,-0.04799,0.03552,6.21,,1.0,-0.98551,0.10064,0.01515,-0.03088,0.01279,0.00861,0.09,275.0,88.0,0.05306,0.16101,0.02825,0.0016,-0.03556,0.0257,7.39,3.0,10.0,-0.99976,0.01,0.0,-0.03148,0.02044,0.0,0.07,113.0,39.0,0.03536,0.16634,0.01971,0.00107,-0.0264,0.01852,8.19,,,-0.99976,0.01,0.0,-0.03164,0.02059,0.0,0.05,1.0,63.0,0.02792,0.17817,0.01514,0.00084,-0.0232,0.01524,9.19,,,-0.99976,0.01,0.0,-0.03181,0.02073,0.0,0.03,11.0,82.0,0.02135,0.1878,0.01146,0.00064,-0.01948,0.01216,,,,-0.99976,0.01,0.0,-0.03197,0.02088,0.0,0.04,4.0,15.0,0.01533,0.19449,0.00835,0.00046,-0.01519,0.00917,,,,-0.99976,0.01,0.0,-0.03214,0.02102,0.0,0.09,,1.0,0.01432,0.21006,0.00729,0.00043,-0.01544,0.00865,,,,-0.99976,0.01,0.0,-0.0323,0.02117,0.0,0.02,6.0,26.0,0.00803,0.23959,0.00386,0.00024,-0.01061,0.00523,,,,-0.99976,0.01,0.0,-0.03279,0.0216,0.0,,,,0.95418,0.4705,0.00856,0.02612,-0.10545,0.02276,0.07,,27.0,-0.00615,0.31434,0.00233,-0.00019,-0.01072,0.00413,,,,0.94223,0.38481,0.0126,0.02641,-0.10439,0.02739,0.07,,12.0,-0.01145,0.26432,0.00477,-0.00035,-0.0155,0.00713,,,,0.9328,0.34308,0.01591,0.02645,-0.10481,0.03084,0.03,87.0,252.0,-0.01687,0.24033,0.00733,-0.00052,-0.01963,0.00995,9.39,,8.0,0.92109,0.29927,0.02064,0.02642,-0.10371,0.03489,0.06,31.0,520.0,-0.02737,0.2189,0.01212,-0.00084,-0.02684,0.01498,0.02,,4.0,0.01345,0.2254,0.00643,0.00041,-0.01568,0.00819,,,,-0.99976,0.01,0.0,-0.03246,0.02131,0.0,,,,0.00727,0.26749,0.00317,0.00022,-0.01084,0.00479,,,,-0.99976,0.01,0.0,-0.03312,0.02189,0.0,,,,0.00479,0.2818,0.00208,0.00014,-0.00788,0.00331,,,,-0.99976,0.01,0.0,-0.03345,0.02218,0.0,,,,0.95592,0.49354,0.00791,0.02601,-0.10683,0.02206,,,,-0.00587,0.33102,0.00212,-0.00018,-0.01083,0.00396,,,,0.95158,0.4494,0.00937,0.02621,-0.10542,0.0238,0.03,,4.0,-0.00647,0.29769,0.00257,-0.0002,-0.0106,0.00432,,,,0.94577,0.40628,0.01135,0.02636,-0.10469,0.02606,0.02,34.0,,-0.0108,0.28183,0.00425,-0.00033,-0.01572,0.00677,,,,0.93895,0.36178,0.014,0.02648,-0.10288,0.02861,0.07,,13.0,-0.01579,0.2586,0.00644,-0.00049,-0.01999,0.00941,,,,0.92785,0.32053,0.01799,0.02646,-0.10372,0.03258,0.05,4.0,120.0,-0.02187,0.23075,0.00952,-0.00067,-0.02348,0.01241,,,,0.00848,0.2254,0.00431,0.00026,-0.01049,0.00549,,,,-0.99976,0.01,0.0,-0.03263,0.02146,0.0,0.02,,2.0,0.00763,0.25362,0.00349,0.00023,-0.01073,0.005,,,,-0.99976,0.01,0.0,-0.03296,0.02175,0.0,,,,0.005,0.26871,0.00226,0.00015,-0.00781,0.00344,,,,-0.99976,0.01,0.0,-0.03328,0.02204,0.0,,,,,,,,,,,,,,,,,,,,,,,,,,,,,,,,,,,,,,,,,,,,,,,,,,,,,,
2023-09-15 11:22:00,,,,,,,,,,0.02,22.0,121.0,,,,,,,,,,,,,,,,0.09,51.0,219.0,,,,,,,6.66,17.0,48.0,,,,,,,0.14,6.0,516.0,,,,,,,5.63,9.0,1.0,,,,,,,0.2,36.0,317.0,,,,,,,4.82,20.0,35.0,,,,,,,0.32,176.0,215.0,,,,,,,4.64,,104.0,,,,,,,0.49,314.0,3607.0,,,,,,,3.21,13.0,172.0,,,,,,,0.72,280.0,2688.0,,,,,,,1.68,19.0,363.0,,,,,,,1.11,467.0,3217.0,,,,,,,1.19,964.0,7596.0,,,,,,,1.59,1862,445.0,,,,,,,0.78,1417.0,1372.0,,,,,,,2.18,109.0,1707.0,,,,,,,0.48,248.0,1185.0,,,,,,,2.91,52.0,4186.0,,,,,,,0.28,251,989.0,,,,,,,3.0,18.0,212.0,,,,,,,0.16,96.0,477.0,,,,,,,3.6,,34.0,,,,,,,0.1,846.0,835.0,,,,,,,3.66,,18.0,,,,,,,0.06,302,253.0,,,,,,,4.41,,1.0,,,,,,,0.05,3.0,721.0,,,,,,,6.21,,1.0,,,,,,,0.04,18.0,300.0,,,,,,,7.39,,13.0,,,,,,,0.02,3.0,152.0,,,,,,,8.19,,,,,,,,,0.05,,64.0,,,,,,,9.19,,,,,,,,,0.03,,82.0,,,,,,,,,,,,,,,,0.02,2.0,19.0,,,,,,,,,,,,,,,,0.09,,1.0,,,,,,,,,,,,,,,,0.01,7.0,26.0,,,,,,,,,,,,,,,,,,,,,,,,,0.07,,27.0,,,,,,,,,,,,,,,,0.07,,12.0,,,,,,,,,,,,,,,,0.04,2.0,317.0,,,,,,,9.39,,8.0,,,,,,,0.05,6.0,523.0,,,,,,,0.01,15.0,4.0,,,,,,,,,,,,,,,,,,,,,,,,,,,,,,,,,,,,,,,,,,,,,,,,,,,,,,,,,,,,,,,,,,,,,,,,,,,,,,,0.03,,4.0,,,,,,,,,,,,,,,,0.02,1.0,23.0,,,,,,,,,,,,,,,,0.07,,13.0,,,,,,,,,,,,,,,,0.04,10.0,121.0,,,,,,,,,,,,,,,,,,,,,,,,,0.02,,2.0,,,,,,,,,,,,,,,,,,,,,,,,,,,,,,,,,,,,,,,,,,,,,,,,,,,,,,,,,,,,,,,,,,,,,,,,,,,,,,,,,,,,,,,
2023-09-15 13:29:00,,,,,,,,,,0.02,27.0,121.0,,,,,,,,,,,,,,,,0.1,57.0,219.0,,,,,,,6.66,17.0,48.0,,,,,,,0.15,35.0,516.0,,,,,,,5.63,9.0,1.0,,,,,,,0.22,59.0,317.0,,,,,,,3.8,21.0,35.0,,,,,,,0.35,236.0,215.0,,,,,,,2.96,83.0,104.0,,,,,,,0.57,471.0,3607.0,,,,,,,1.98,23.0,172.0,,,,,,,0.89,357.0,2688.0,,,,,,,1.38,511.0,363.0,,,,,,,1.3,932.0,3217.0,,,,,,,0.9,1855.0,7596.0,,,,,,,1.83,1908,445.0,,,,,,,0.57,1696.0,1372.0,,,,,,,2.35,123.0,1707.0,,,,,,,0.34,1289.0,1185.0,,,,,,,3.05,124.0,4186.0,,,,,,,0.19,329,989.0,,,,,,,3.0,18.0,212.0,,,,,,,0.12,190.0,477.0,,,,,,,4.59,1.0,34.0,,,,,,,0.07,946.0,835.0,,,,,,,3.66,,18.0,,,,,,,0.05,338,253.0,,,,,,,4.41,,1.0,,,,,,,0.04,5.0,721.0,,,,,,,6.21,,1.0,,,,,,,0.04,18.0,300.0,,,,,,,7.39,,13.0,,,,,,,0.02,28.0,152.0,,,,,,,8.19,,,,,,,,,0.05,,64.0,,,,,,,9.19,,,,,,,,,0.02,1.0,82.0,,,,,,,,,,,,,,,,0.02,2.0,19.0,,,,,,,,,,,,,,,,0.09,,1.0,,,,,,,,,,,,,,,,0.01,7.0,26.0,,,,,,,,,,,,,,,,,,,,,,,,,0.07,,27.0,,,,,,,,,,,,,,,,0.07,,12.0,,,,,,,,,,,,,,,,0.03,5.0,317.0,,,,,,,9.39,,8.0,,,,,,,0.07,56.0,523.0,,,,,,,0.01,20.0,4.0,,,,,,,,,,,,,,,,,,,,,,,,,,,,,,,,,,,,,,,,,,,,,,,,,,,,,,,,,,,,,,,,,,,,,,,,,,,,,,,0.02,3.0,4.0,,,,,,,,,,,,,,,,0.02,1.0,23.0,,,,,,,,,,,,,,,,0.07,,13.0,,,,,,,,,,,,,,,,0.04,16.0,121.0,,,,,,,,,,,,,,,,,,,,,,,,,0.02,,2.0,,,,,,,,,,,,,,,,,,,,,,,,,,,,,,,,,,,,,,,,,,,0.01,3.0,,,,,,,,,,,,,,,,,0.01,3.0,366.0,,,,,,,,,,,,,,,,,,,,,,,,
2023-09-15 16:00:00,,,,0.9387,0.43635,0.0129,0.02165,-0.12965,0.02594,0.02,187.0,121.0,-0.00763,0.27512,0.00356,-0.00019,-0.01229,0.00452,,,,0.88678,0.26621,0.03355,0.0213,-0.12601,0.04116,0.07,217.0,219.0,-0.04475,0.18851,0.02331,-0.00113,-0.03737,0.02026,6.66,17.0,48.0,0.86901,0.24354,0.04063,0.02099,-0.12731,0.0456,0.11,1849.0,516.0,-0.06294,0.17751,0.03244,-0.0016,-0.04596,0.02655,5.63,9.0,1.0,0.84225,0.22394,0.0501,0.02044,-0.13166,0.0517,0.17,338.0,317.0,-0.0916,0.16804,0.0456,-0.00232,-0.05767,0.03532,4.1,29.0,35.0,0.80432,0.20617,0.06238,0.01962,-0.13749,0.05927,0.3,289.0,215.0,-0.13487,0.15934,0.06343,-0.00342,-0.07171,0.04658,3.18,84.0,104.0,0.74899,0.19222,0.07713,0.01834,-0.1457,0.06833,0.43,512.0,3607.0,-0.20036,0.15274,0.08547,-0.00508,-0.08813,0.06016,2.42,165.0,172.0,0.67336,0.1819,0.09232,0.01655,-0.1538,0.0774,0.67,403.0,2688.0,-0.29044,0.14695,0.10857,-0.00737,-0.10254,0.07353,1.87,904.0,363.0,0.57986,0.17198,0.10585,0.0143,-0.15559,0.0839,1.0,2856.0,3217.0,-0.40465,0.14165,0.12741,-0.01028,-0.11006,0.08317,1.24,2536.0,7596.0,0.47116,0.16649,0.11131,0.01165,-0.15146,0.08541,1.35,2322,445.0,-0.53657,0.13626,0.13578,-0.01365,-0.1058,0.08526,0.76,2459.0,1372.0,0.35791,0.16071,0.10821,0.00887,-0.1359,0.08014,2.31,401.0,1707.0,-0.6757,0.12938,0.12942,-0.01722,-0.08664,0.07717,0.46,2208.0,1185.0,0.25254,0.15705,0.09475,0.00627,-0.11276,0.06858,2.68,159.0,4186.0,-0.81104,0.1193,0.10552,-0.02071,-0.05322,0.05802,0.28,886,989.0,0.1656,0.15495,0.07479,0.00412,-0.08611,0.05341,3.51,34.0,212.0,-0.91038,0.11249,0.06692,-0.02331,-0.02091,0.03469,0.15,293.0,477.0,0.10022,0.15324,0.05342,0.00249,-0.05986,0.03774,4.59,1.0,34.0,-0.9998,0.01,0.0,-0.02568,0.02006,0.0,0.07,947.0,835.0,0.05973,0.1551,0.03564,0.00149,-0.04074,0.02549,3.66,,18.0,-0.9998,0.01,0.0,-0.02582,0.02021,0.0,0.05,391,253.0,0.03932,0.16292,0.0243,0.00098,-0.03054,0.01825,4.41,,1.0,-0.9998,0.01,0.0,-0.02596,0.02035,0.0,0.04,7.0,721.0,0.02552,0.16974,0.01631,0.00064,-0.02219,0.01277,6.21,,1.0,-0.9998,0.01,0.0,-0.02609,0.0205,0.0,0.04,18.0,300.0,0.01804,0.17922,0.01152,0.00045,-0.01744,0.00952,7.39,,13.0,-0.9998,0.01,0.0,-0.02623,0.02064,0.0,0.02,28.0,152.0,0.01659,0.19704,0.00976,0.00041,-0.01781,0.00887,8.19,,,-0.9998,0.01,0.0,-0.02636,0.02079,0.0,0.05,,64.0,0.01033,0.2004,0.00637,0.00026,-0.01201,0.00589,9.19,,,-0.9998,0.01,0.0,-0.0265,0.02093,0.0,0.02,1.0,82.0,0.00962,0.21675,0.00554,0.00024,-0.0122,0.00553,,,,-0.9998,0.01,0.0,-0.02664,0.02108,0.0,0.02,6.0,19.0,0.00902,0.23287,0.00487,0.00022,-0.01237,0.00523,,,,-0.9998,0.01,0.0,-0.02677,0.02122,0.0,0.01,1.0,1.0,0.00851,0.24879,0.00433,0.00021,-0.01254,0.00497,,,,-0.9998,0.01,0.0,-0.02691,0.02137,0.0,0.01,9.0,26.0,0.00525,0.2821,0.00249,0.00013,-0.00926,0.00324,,,,-0.9998,0.01,0.0,-0.02732,0.0218,0.0,,,,0.94478,0.48708,0.01064,0.02153,-0.13265,0.02389,0.07,,27.0,-0.0068,0.31199,0.00283,-0.00017,-0.01261,0.00408,,,,0.92832,0.39058,0.01627,0.02167,-0.13095,0.02929,0.07,,12.0,-0.01298,0.25456,0.00612,-0.00033,-0.01805,0.00718,,,,0.917,0.33979,0.02092,0.02165,-0.12791,0.03275,0.04,295.0,317.0,-0.0195,0.22633,0.00975,-0.00049,-0.02268,0.01018,9.39,,8.0,0.89985,0.28983,0.0282,0.02149,-0.12572,0.03766,0.06,79.0,523.0,-0.03246,0.19981,0.01693,-0.00082,-0.03057,0.0156,0.01,64.0,4.0,0.00581,0.25238,0.00305,0.00014,-0.00908,0.00355,,,,-0.9998,0.01,0.0,-0.02705,0.02151,0.0,,,,,,,,,,,,,,,,,,,,,,,,,,,,,,,,,,,,,,,,0.94586,0.51698,0.00987,0.02142,-0.13776,0.02352,,,,-0.00645,0.33044,0.00255,-0.00016,-0.01275,0.00389,,,,0.94144,0.46299,0.01173,0.02159,-0.13224,0.02502,0.01,7.0,4.0,-0.00719,0.29356,0.00317,-0.00018,-0.01246,0.00429,,,,0.93292,0.41564,0.01453,0.02164,-0.13217,0.02783,0.02,1.0,23.0,-0.01214,0.27412,0.00536,-0.00031,-0.01837,0.00678,,,,0.92112,0.36889,0.01854,0.02162,-0.13281,0.03152,0.03,10.0,13.0,-0.01396,0.23504,0.00705,-0.00035,-0.01772,0.00765,8.89,8.0,,0.90912,0.31509,0.02414,0.02159,-0.12706,0.03506,0.05,122.0,121.0,-0.02558,0.21428,0.01295,-0.00065,-0.02695,0.01279,,,,0.00551,0.26734,0.00275,0.00014,-0.00918,0.00339,,,,-0.9998,0.01,0.0,-0.02718,0.02166,0.0,0.02,,2.0,0.00502,0.29676,0.00228,0.00012,-0.00935,0.00311,,,,-0.9998,0.01,0.0,-0.02746,0.02195,0.0,,,,,,,,,,,,,,,,,,,,,,0.94993,0.53688,0.00893,0.02139,-0.13473,0.02209,0.01,3.0,,-0.00442,0.33352,0.00181,-0.00011,-0.0092,0.00278,,,,,,,,,,,,,,,,,,,,,,,,,,,,,,,,,,,,
2023-09-18 16:00:00,,,,0.95449,0.57238,0.01239,0.0088,-0.20157,0.01286,0.01,39.0,279.0,-0.00828,0.40105,0.00418,-8e-05,-0.03048,0.00304,,,,0.90412,0.31616,0.03995,0.00868,-0.19855,0.0229,0.06,200.0,303.0,-0.04195,0.23783,0.02796,-0.00042,-0.07124,0.01207,5.01,47.0,48.0,0.88041,0.28524,0.05193,0.0085,-0.2088,0.02686,0.1,867.0,1702.0,-0.065,0.22096,0.0426,-0.00065,-0.09352,0.01708,3.84,33.0,10.0,0.84293,0.25764,0.06926,0.00818,-0.22519,0.03236,0.17,777.0,578.0,-0.11135,0.2121,0.06641,-0.00112,-0.13398,0.02554,2.77,24.0,63.0,0.77997,0.23772,0.09248,0.0076,-0.25276,0.03987,0.28,1010.0,213.0,-0.18341,0.20282,0.09721,-0.00184,-0.17866,0.03575,1.98,123.0,188.0,0.68568,0.22388,0.11771,0.00671,-0.28175,0.04778,0.51,951.0,3653.0,-0.28981,0.19474,0.13048,-0.00291,-0.21985,0.04608,1.39,756.0,331.0,0.56196,0.21493,0.13616,0.00551,-0.29725,0.05307,0.82,5795.0,2714.0,-0.43039,0.18914,0.15423,-0.00432,-0.24303,0.0529,0.85,2552.0,944.0,0.42176,0.20678,0.1405,0.00415,-0.28176,0.05268,1.3,3684.0,4812.0,-0.58953,0.18175,0.15887,-0.00593,-0.22761,0.05236,0.45,6157.0,9393.0,0.28517,0.20209,0.12478,0.00281,-0.23765,0.04573,1.89,610,1721.0,-0.74754,0.17256,0.13743,-0.00754,-0.17182,0.04301,0.24,3714.0,2480.0,0.17012,0.19731,0.09528,0.00168,-0.17227,0.03409,2.76,210.0,1749.0,-0.89013,0.15374,0.0907,-0.009,-0.08017,0.02529,0.1,1288.0,858.0,0.09314,0.1975,0.06259,0.00092,-0.11304,0.02244,3.6,176.0,4179.0,-0.95385,0.15541,0.04616,-0.00968,-0.03192,0.01301,0.05,795,1200.0,0.04892,0.20148,0.03733,0.00048,-0.06999,0.01366,4.59,18.0,206.0,-0.99992,0.01,0.0,-0.01019,0.01991,0.0,0.03,429.0,516.0,0.03093,0.21715,0.02385,0.00031,-0.05184,0.0094,5.43,3.0,33.0,-0.99992,0.01,0.0,-0.01025,0.02006,0.0,0.02,96.0,1573.0,0.0214,0.23547,0.01616,0.00021,-0.04124,0.00691,6.54,13.0,18.0,-0.99992,0.01,0.0,-0.0103,0.0202,0.0,0.02,332,435.0,0.01303,0.24636,0.0101,0.00013,-0.0282,0.00452,7.54,1.0,1.0,-0.99992,0.01,0.0,-0.01035,0.02035,0.0,0.02,35.0,719.0,0.01186,0.2736,0.00839,0.00012,-0.02884,0.00417,6.21,,1.0,-0.99992,0.01,0.0,-0.01041,0.02049,0.0,0.01,815.0,308.0,0.00791,0.28561,0.00564,8e-05,-0.02111,0.00292,7.39,,13.0,-0.99992,0.01,0.0,-0.01046,0.02064,0.0,0.01,144.0,153.0,0.00733,0.31094,0.00484,7e-05,-0.02147,0.00273,8.19,,,-0.99992,0.01,0.0,-0.01052,0.02078,0.0,0.01,157.0,64.0,0.00683,0.33589,0.00421,7e-05,-0.0218,0.00257,9.19,,,-0.99992,0.01,0.0,-0.01057,0.02093,0.0,0.02,16.0,82.0,0.00641,0.36054,0.00371,6e-05,-0.02211,0.00243,,,,-0.99992,0.01,0.0,-0.01063,0.02107,0.0,0.02,,21.0,0.00604,0.38484,0.0033,6e-05,-0.02238,0.00231,,,,-0.99992,0.01,0.0,-0.01068,0.02122,0.0,0.01,,1.0,0.00572,0.40886,0.00296,6e-05,-0.02264,0.0022,,,,-0.99992,0.01,0.0,-0.01074,0.02136,0.0,0.01,,30.0,0.00495,0.47934,0.00222,5e-05,-0.02334,0.00193,,,,-0.99992,0.01,0.0,-0.0109,0.0218,0.0,,,,0.95912,0.6498,0.01001,0.00874,-0.20893,0.01179,0.01,3010.0,27.0,-0.00527,0.43889,0.00256,-5e-05,-0.0224,0.00204,,,,0.94617,0.50112,0.01619,0.00883,-0.20193,0.01471,0.02,50.0,12.0,-0.00957,0.34196,0.00557,-0.0001,-0.02949,0.00346,9.36,1.0,,0.93514,0.42711,0.02199,0.00883,-0.19953,0.01703,0.02,82.0,268.0,-0.01689,0.30323,0.01026,-0.00017,-0.04266,0.00565,9.39,,8.0,0.91959,0.34958,0.03168,0.00878,-0.19316,0.02008,0.05,176.0,529.0,-0.03215,0.26385,0.02026,-0.00032,-0.06366,0.00971,0.01,2.0,62.0,0.00543,0.43261,0.00267,5e-05,-0.02289,0.0021,,,,-0.99992,0.01,0.0,-0.01079,0.02151,0.0,,,,,,,,,,,,,,,,,,,,,,,,,,,,,,,,,,,,,,,,0.96133,0.68711,0.00905,0.00871,-0.21086,0.01127,,,,-0.00498,0.46718,0.00229,-5e-05,-0.02265,0.00194,,,,0.95516,0.61823,0.01134,0.00876,-0.21386,0.01271,0.01,1041.0,5.0,-0.00776,0.43049,0.00368,-8e-05,-0.03092,0.00288,,,,0.95209,0.53215,0.01389,0.00884,-0.1959,0.0134,0.01,260.0,23.0,-0.00888,0.37155,0.0048,-9e-05,-0.03001,0.00324,,,,0.94007,0.46709,0.0189,0.00882,-0.20462,0.01601,0.03,103.0,23.0,-0.01545,0.33472,0.00861,-0.00016,-0.04367,0.00523,8.0,41.0,8.0,0.92821,0.38865,0.02614,0.00881,-0.19667,0.01842,0.04,16.0,221.0,-0.02399,0.28607,0.01464,-0.00024,-0.05414,0.00761,,,,0.00518,0.45613,0.00243,5e-05,-0.02313,0.00201,,,,-0.99992,0.01,0.0,-0.01084,0.02165,0.0,,,,,,,,,,,,,,,,,,,,,,,,,,,,,,,,,,,,,,,,0.96464,0.71738,0.00805,0.00869,-0.20499,0.01047,0.01,,3.0,-0.00471,0.49551,0.00205,-5e-05,-0.02289,0.00185,,,,0.96486,0.76281,0.00753,0.00863,-0.21577,0.01042,0.01,,366.0,-0.00448,0.5239,0.00186,-5e-05,-0.02313,0.00177,,,,,,,,,,,,,,,,,,
2023-09-19 11:51:00,,,,,,,,,,0.01,,279.0,,,,,,,5.91,1.0,,,,,,,,0.05,171.0,397.0,,,,,,,3.74,14.0,94.0,,,,,,,0.09,633.0,2375.0,,,,,,,2.65,10.0,42.0,,,,,,,0.17,255.0,981.0,,,,,,,2.08,272.0,74.0,,,,,,,0.32,8848.0,646.0,,,,,,,1.42,362.0,244.0,,,,,,,0.61,7853.0,3697.0,,,,,,,0.84,4149.0,759.0,,,,,,,1.05,3346.0,2910.0,,,,,,,0.45,6597.0,1675.0,,,,,,,1.64,3725.0,5538.0,,,,,,,0.21,5311.0,10744.0,,,,,,,2.49,904,1630.0,,,,,,,0.09,6792.0,3088.0,,,,,,,3.5,58.0,1805.0,,,,,,,0.04,748.0,1582.0,,,,,,,4.11,44.0,4255.0,,,,,,,0.03,83,1265.0,,,,,,,4.59,,166.0,,,,,,,0.02,188.0,582.0,,,,,,,5.43,,,,,,,,,0.01,915.0,1623.0,,,,,,,6.54,,13.0,,,,,,,0.01,6,722.0,,,,,,,7.54,,,,,,,,,0.02,,721.0,,,,,,,6.21,,1.0,,,,,,,0.01,2.0,897.0,,,,,,,10.5,8.0,13.0,,,,,,,0.01,1.0,169.0,,,,,,,11.23,6.0,,,,,,,,0.01,,198.0,,,,,,,9.19,,,,,,,,,0.02,,98.0,,,,,,,,,,,,,,,,0.02,,21.0,,,,,,,,,,,,,,,,0.01,,1.0,,,,,,,,,,,,,,,,,,,,,,,,,,,,,,,,,,,,,,,,,,,0.01,1.0,3002.0,,,,,,,,,,,,,,,,0.01,8.0,59.0,,,,,,,9.36,,1.0,,,,,,,0.02,6.0,332.0,,,,,,,5.79,6.0,8.0,,,,,,,0.03,164.0,574.0,,,,,,,0.01,,64.0,,,,,,,,,,,,,,,,,,,,,,,,,,,,,,,,,,,,,,,,,,,,,,,,,,,,,,,,,,,,,,,,,,,,,,,,,,,,,,,0.01,,1044.0,,,,,,,,,,,,,,,,0.01,,242.0,,,,,,,,,,,,,,,,0.01,9.0,111.0,,,,,,,8.0,,49.0,,,,,,,0.02,155.0,233.0,,,,,,,,,,,,,,,,,,,,,,,,,,,,,,,,,,,,,,,,,,,,,,,,,,,,,,,,,,,,,,,,,,,,,,0.01,,3.0,,,,,,,,,,,,,,,,0.01,,366.0,,,,,,,,,,,,,,,,0.01,,3.0,,,,,,
2023-09-19 12:06:00,,,,,,,,,,0.01,,279.0,,,,,,,5.91,1.0,,,,,,,,0.04,176.0,397.0,,,,,,,3.74,14.0,94.0,,,,,,,0.1,641.0,2375.0,,,,,,,2.65,10.0,42.0,,,,,,,0.19,266.0,981.0,,,,,,,2.01,304.0,74.0,,,,,,,0.35,9049.0,646.0,,,,,,,1.3,369.0,244.0,,,,,,,0.63,8030.0,3697.0,,,,,,,0.77,4273.0,759.0,,,,,,,1.1,4097.0,2910.0,,,,,,,0.4,6625.0,1675.0,,,,,,,1.76,4106.0,5538.0,,,,,,,0.18,5327.0,10744.0,,,,,,,2.49,904,1630.0,,,,,,,0.07,6981.0,3088.0,,,,,,,3.5,58.0,1805.0,,,,,,,0.04,762.0,1582.0,,,,,,,4.11,44.0,4255.0,,,,,,,0.02,85,1265.0,,,,,,,4.59,,166.0,,,,,,,0.02,188.0,582.0,,,,,,,5.43,,,,,,,,,0.01,915.0,1623.0,,,,,,,6.54,,13.0,,,,,,,0.01,6,722.0,,,,,,,7.54,,,,,,,,,0.02,,721.0,,,,,,,6.21,,1.0,,,,,,,0.01,2.0,897.0,,,,,,,10.5,8.0,13.0,,,,,,,0.01,1.0,169.0,,,,,,,11.23,6.0,,,,,,,,0.01,,198.0,,,,,,,9.19,,,,,,,,,0.02,,98.0,,,,,,,,,,,,,,,,0.02,,21.0,,,,,,,,,,,,,,,,0.01,,1.0,,,,,,,,,,,,,,,,,,,,,,,,,,,,,,,,,,,,,,,,,,,0.01,1.0,3002.0,,,,,,,,,,,,,,,,0.01,8.0,59.0,,,,,,,9.36,,1.0,,,,,,,0.02,6.0,332.0,,,,,,,5.79,6.0,8.0,,,,,,,0.03,164.0,574.0,,,,,,,0.01,,64.0,,,,,,,,,,,,,,,,,,,,,,,,,,,,,,,,,,,,,,,,,,,,,,,,,,,,,,,,,,,,,,,,,,,,,,,,,,,,,,,0.01,,1044.0,,,,,,,,,,,,,,,,0.01,,242.0,,,,,,,,,,,,,,,,0.01,9.0,111.0,,,,,,,8.0,,49.0,,,,,,,0.02,155.0,233.0,,,,,,,,,,,,,,,,,,,,,,,,,,,,,,,,,,,,,,,,,,,,,,,,,,,,,,,,,,,,,,,,,,,,,,0.01,,3.0,,,,,,,,,,,,,,,,0.01,,366.0,,,,,,,,,,,,,,,,0.01,,3.0,,,,,,
2023-09-19 16:00:00,,,,0.97129,0.67855,0.01020,0.00447,-0.22936,0.00620,0.01,6,279,-0.00630,0.51443,0.00364,-0.00003,-0.04346,0.00168,4.40,3,,0.92976,0.34324,0.04142,0.00445,-0.23778,0.01273,0.04,339,397,-0.03381,0.27610,0.02872,-0.00017,-0.09833,0.00711,4.04,21,94,0.90346,0.30531,0.05920,0.00435,-0.26627,0.01617,0.06,2012,2375,-0.06147,0.25688,0.04989,-0.00031,-0.14768,0.01150,2.98,43,42,0.85189,0.27702,0.08820,0.00412,-0.32196,0.02187,0.14,2100,981,-0.11843,0.24400,0.08575,-0.00059,-0.22856,0.01877,2.02,618,74,0.76307,0.25411,0.12834,0.00371,-0.38904,0.02921,0.27,10180,646,-0.21550,0.23078,0.13395,-0.00107,-0.31841,0.02769,1.32,1288,244,0.62100,0.24526,0.16395,0.00302,-0.45763,0.03599,0.55,10653,3697,-0.36984,0.22682,0.17593,-0.00184,-0.40208,0.03571,0.75,12050,759,0.44953,0.23892,0.17506,0.00219,-0.46035,0.03744,1.01,6681,2910,-0.55481,0.22125,0.18873,-0.00276,-0.40695,0.03739,0.38,14004,1675,0.28151,0.23416,0.15217,0.00138,-0.38261,0.03197,1.64,5205,5538,-0.73611,0.21498,0.16062,-0.00367,-0.32131,0.03093,0.17,7686,10744,0.15493,0.23655,0.10645,0.00076,-0.27226,0.02254,2.44,1061,1630,-0.88272,0.20232,0.10278,-0.00442,-0.17295,0.01862,0.08,43833,3088,0.08085,0.24567,0.06440,0.00040,-0.17729,0.01419,3.35,244,1805,-0.93579,0.22642,0.05858,-0.00470,-0.11737,0.01188,0.04,1601,1582,0.04435,0.26257,0.03767,0.00022,-0.11828,0.00887,4.25,94,4255,-0.96727,0.24301,0.03178,-0.00488,-0.06567,0.00691,0.03,706,1265,0.02503,0.28046,0.02202,0.00012,-0.07880,0.00554,5.02,11,166,-0.97883,0.27090,0.01978,-0.00497,-0.04611,0.00480,0.01,227,582,0.01496,0.30011,0.01329,0.00007,-0.05442,0.00358,5.43,,,-0.98133,0.31312,0.01539,-0.00501,-0.04850,0.00431,0.01,971,1623,0.01339,0.33985,0.01067,0.00007,-0.05597,0.00325,7.55,1,13,-0.98365,0.35258,0.01220,-0.00504,-0.04866,0.00385,0.01,54,722,0.00882,0.35970,0.00701,0.00004,-0.04119,0.00226,7.54,,,-0.98500,0.39329,0.01015,-0.00508,-0.05092,0.00357,0.01,1,721,0.00809,0.39646,0.00589,0.00004,-0.04203,0.00210,6.21,,1,-0.98633,0.43205,0.00853,-0.00511,-0.05173,0.00330,0.01,3,897,0.00748,0.43266,0.00504,0.00004,-0.04280,0.00196,10.17,29,13,-0.98668,0.47485,0.00759,-0.00514,-0.05697,0.00323,0.01,12,169,0.00696,0.46829,0.00437,0.00003,-0.04347,0.00184,11.23,6,,-0.98798,0.51019,0.00646,-0.00517,-0.05545,0.00295,0.01,1,198,0.00652,0.50344,0.00384,0.00003,-0.04410,0.00173,12.29,1,,-0.98781,0.55492,0.00601,-0.00520,-0.06298,0.00299,0.02,,98,0.00614,0.53814,0.00340,0.00003,-0.04468,0.00164,,,,-0.98934,0.58508,0.00508,-0.00524,-0.05766,0.00266,0.01,6,21,0.00580,0.57243,0.00304,0.00003,-0.04522,0.00156,,,,-0.98905,0.62989,0.00483,-0.00526,-0.06554,0.00272,0.01,,1,0.00551,0.60630,0.00274,0.00003,-0.04572,0.00149,,,,-0.98986,0.66359,0.00428,-0.00529,-0.06409,0.00254,,,,,,,,,,,,,,,,,,,,,,0.97433,0.78016,0.00808,0.00443,-0.23910,0.00565,0.01,1,3002,-0.00551,0.59513,0.00280,-0.00003,-0.04468,0.00149,,,,0.96864,0.57042,0.01307,0.00451,-0.20939,0.00667,0.01,8,59,-0.00737,0.43346,0.00497,-0.00004,-0.04204,0.00193,9.36,,1,0.95697,0.48774,0.01979,0.00451,-0.23013,0.00865,0.01,467,332,-0.00891,0.35188,0.00723,-0.00004,-0.04030,0.00228,5.39,11,8,0.94453,0.38621,0.03063,0.00450,-0.22384,0.01059,0.02,1822,574,-0.02288,0.30724,0.01864,-0.00011,-0.07913,0.00514,0.01,,64,0.00525,0.63983,0.00249,0.00003,-0.04621,0.00143,16.27,1,,-0.99358,0.65775,0.00288,-0.00534,-0.03501,0.00170,,,,,,,,,,,,,,,,,,,,,,,,,,,,,,,,,,,,,,,,0.97556,0.83103,0.00728,0.00441,-0.24395,0.00542,,,,-0.00519,0.63541,0.00248,-0.00003,-0.04521,0.00141,,,,0.97277,0.73027,0.00907,0.00445,-0.23555,0.00593,0.01,,1044,-0.00588,0.55481,0.00318,-0.00003,-0.04410,0.00158,,,,0.96886,0.63033,0.01175,0.00448,-0.22813,0.00663,0.01,,242,-0.00679,0.47401,0.00422,-0.00003,-0.04279,0.00180,,,,0.96389,0.52794,0.01586,0.00451,-0.21704,0.00749,0.01,12,111,-0.00807,0.39281,0.00593,-0.00004,-0.04124,0.00209,8.00,,49,0.95220,0.43563,0.02412,0.00451,-0.22424,0.00941,0.01,854,233,-0.01369,0.32790,0.01127,-0.00007,-0.05452,0.00332,,,,0.00501,0.67295,0.00227,0.00002,-0.04665,0.00137,,,,-0.99395,0.69019,0.00261,-0.00537,-0.03455,0.00161,,,,,,,,,,,,,,,,,,,,,,,,,,,,,,,,,,,,,,,,0.97685,0.88047,0.00657,0.00439,-0.24661,0.00518,0.01,,3,-0.00490,0.67573,0.00222,-0.00002,-0.04572,0.00135,,,,0.97825,0.92740,0.00591,0.00437,-0.24626,0.00491,0.01,,366,-0.00464,0.71604,0.00200,-0.00002,-0.04619,0.00128,,,,0.97889,0.98046,0.00545,0.00434,-0.25324,0.00479,0.01,,3,-0.00442,0.75649,0.00181,-0.00002,-0.04667,0.00123
